reasonDiscarded	NDA	Hid	Hpct	HampLen	Pid	Ppct	PampLen	PHdif	PHphase	prmSeqL	prmSeqR	prmTmL	prmTmR	prmLenL	prmLenR	HampPos1	HampPos2	PampPos1	PampPos2	kmer1	kmer1strands	kmer1offset	kmer2	kmer2strands	kmer2offset	Hseq1	Hseq2	Pseq1	Pseq2
found multiple	2	SL2.50ch01	1.1	1066	Spenn-ch01	1.4	1823	757	+	GAGACAGCGAGAACTAGGGG	GCCTTTGTTGCCCTTGAAATC	59.26	58.58	20	21	148562	149627	201258	203080	CGCTGTCTCCC	--	-2	ATAGGGAACGG	++	20	AGCAAAGGGAGAAATAGCATGGGAGACAGCGAGAACTAGGGGATGGGAGTG	TTTTTGTTGTTTTACTCGTTATAGGGAACGGATTTCAAGGGCAACAAAGGC	..........................................G........	..A................................................
found multiple	2	SL2.50ch01	1.5	240	Spenn-ch01	1.8	223	-17	+	ACGTACCTTCTGTTGAGTTGC	AAACTGATGTGGCACTCGTG	58.52	58.77	21	20	205083	205322	258144	258366	TACAACGCGGA	++	-10	CACGAGTGCCA	++	9	CATCATCGGATGGAAAATTATACAACGCGGACGTACCTTCTGTTGAGTTGC	TGCATTTTTGGAGGGTCTGTCACGAGTGCCACATCAGTTTTAGAAAGTCCG	...................................................	...G......A..AA...AC............................T..
found multiple	2	SL2.50ch01	2.4	758	Spenn-ch01	3.1	910	152	+	CAAATTCACTCTCTCCGGCG	AGTACATTGGCTAACTTGCGG	59	58.64	20	21	333124	333881	439097	440006	CTCTCTCCGGC	++	8	CTTGCGGTTCA	--	14	CTCTAAGCAACTCAAATTCACTCTCTCCGGCGTCGTCGCCGGCGTTACTCT	TGTTTGCTGCTAGTTGATGATGAACCGCAAGTTAGCCAATGTACTTGTTCA	...................................................	.....A...........G...........................C.....
found multiple	2	SL2.50ch01	2.4	377	Spenn-ch01	3.1	191	-186	+	ACCGCAAGTTAGCCAATGTAC	GATATACCACCAAGCACCGC	58.92	58.77	21	20	333860	334236	439985	440175	CTTGCGGTTCA	--	-3	AGTAAGCGGTG	++	14	TGTTTGCTGCTAGTTGATGATGAACCGCAAGTTAGCCAATGTACTTGTTCA	CTGCCATCGTCCCTTCTATCAGTAAGCGGTGCTTGGTGGTATATCTCCGAT	.....A...........G...........................C.....	...............T...............................T...
found multiple	2	SL2.50ch01	2.4	647	Spenn-ch01	3.1	460	-187	+	ACCGCAAGTTAGCCAATGTAC	CAAACAAACAAGTCCAGCTGG	58.92	58.19	21	21	333860	334506	439985	440444	CTTGCGGTTCA	--	-3	GAGTAGCCAGC	++	16	TGTTTGCTGCTAGTTGATGATGAACCGCAAGTTAGCCAATGTACTTGTTCA	TTTTGCAATAATTCAAGGCTGAGTAGCCAGCTGGACTTGTTTGTTTGTCTA	.....A...........G...........................C.....	......T............................................
found multiple	2	SL2.50ch01	2.4	1078	Spenn-ch01	3.1	891	-187	+	ACCGCAAGTTAGCCAATGTAC	CTGTTAATGATAGCTGCCGC	58.92	57.04	21	20	333860	334937	439985	440875	CTTGCGGTTCA	--	-3	TGCCGCAGACA	--	14	TGTTTGCTGCTAGTTGATGATGAACCGCAAGTTAGCCAATGTACTTGTTCA	TGTGGAAGCAAATGCTGCCTTGTCTGCGGCAGCTATCATTAACAGCAACAG	.....A...........G...........................C.....	.T................A...............................A
found multiple	2	SL2.50ch01	2.4	1186	Spenn-ch01	3.1	999	-187	+	ACCGCAAGTTAGCCAATGTAC	AGAAAAGAAATAACCTGGCCAAG	58.92	57.27	21	23	333860	335045	439985	440983	CTTGCGGTTCA	--	-3	TAACCTGGCCA	--	10	TGTTTGCTGCTAGTTGATGATGAACCGCAAGTTAGCCAATGTACTTGTTCA	AAAAGGGGCCAATTACACCTTGGCCAGGTTATTTCTTTTCTCTTATAAGTC	.....A...........G...........................C.....	...................................................
found multiple	2	SL2.50ch01	2.4	1324	Spenn-ch01	3.1	1137	-187	+	ACCGCAAGTTAGCCAATGTAC	CCACCGTTTCGATCGACAC	58.92	58.93	21	19	333860	335183	439985	441121	CTTGCGGTTCA	--	-3	CCGTTTCGATC	--	3	TGTTTGCTGCTAGTTGATGATGAACCGCAAGTTAGCCAATGTACTTGTTCA	TCTGTGTAAAATTTTGTGTCGATCGAAACGGTGGAGGCAGTTTGTAACACC	.....A...........G...........................C.....	......A..............................A.............
found multiple	2	SL2.50ch01	2.4	1567	Spenn-ch01	3.1	1382	-185	+	ACCGCAAGTTAGCCAATGTAC	GCCAAGAGTTGCCGACAG	58.92	58.74	21	18	333860	335426	439985	441366	CTTGCGGTTCA	--	-3	CGACAGCTATC	--	12	TGTTTGCTGCTAGTTGATGATGAACCGCAAGTTAGCCAATGTACTTGTTCA	GCTTGATTTTTGTCGGAGCTGATAGCTGTCGGCAACTCTTGGCGATGCAAG	.....A...........G...........................C.....	............C...............................G......
found multiple	2	SL2.50ch01	2.4	1829	Spenn-ch01	3.1	1644	-185	+	ACCGCAAGTTAGCCAATGTAC	GCGGATTCCAAAACTGCTTG	58.92	58.3	21	20	333860	335688	439985	441628	CTTGCGGTTCA	--	-3	CCACAAGCGGA	--	-6	TGTTTGCTGCTAGTTGATGATGAACCGCAAGTTAGCCAATGTACTTGTTCA	GAACTCAAGCAGTTTTGGAATCCGCTTGTGGAAATTCTGATCGCTTCAAAT	.....A...........G...........................C.....	...................................................
found multiple	2	SL2.50ch01	2.4	1891	Spenn-ch01	3.1	1706	-185	+	ACCGCAAGTTAGCCAATGTAC	ATCATCAGCTACGCCACCTG	58.92	59.89	21	20	333860	335750	439985	441690	CTTGCGGTTCA	--	-3	ACGCCACCTGC	--	10	TGTTTGCTGCTAGTTGATGATGAACCGCAAGTTAGCCAATGTACTTGTTCA	CAAATGTATGTGAATAAACTGCAGGTGGCGTAGCTGATGATAACATAGCAA	.....A...........G...........................C.....	.............................................C.....
found multiple	2	SL2.50ch01	2.4	1952	Spenn-ch01	3.1	1767	-185	+	ACCGCAAGTTAGCCAATGTAC	CTGCAAGGGTATATGCTCGTG	58.92	58.86	21	21	333860	335811	439985	441751	CTTGCGGTTCA	--	-3	CACTGCAAGGG	--	-2	TGTTTGCTGCTAGTTGATGATGAACCGCAAGTTAGCCAATGTACTTGTTCA	TAACCTATCACGAGCATATACCCTTGCAGTGAAAACTTCTTCTTACGGCGA	.....A...........G...........................C.....	...................................................
found multiple	2	SL2.50ch01	2.4	1989	Spenn-ch01	3.1	1804	-185	+	ACCGCAAGTTAGCCAATGTAC	ACCTTGGACCATATCTCGCC	58.92	59.24	21	20	333860	335848	439985	441788	CTTGCGGTTCA	--	-3	CGCCGTAAGAA	--	16	TGTTTGCTGCTAGTTGATGATGAACCGCAAGTTAGCCAATGTACTTGTTCA	ACCCTTGCAGTGAAAACTTCTTCTTACGGCGAGATATGGTCCAAGGTCCAC	.....A...........G...........................C.....	...................................................
found multiple	2	SL2.50ch01	3.1	1208	Spenn-ch01	4.1	1391	183	+	GTTGCCTGCCTAAGAAGCC	AAATCTGGAGGTGTTTGGCC	58.82	58.37	19	20	433678	434885	577693	579083	AGCTGGGCTTC	--	13	GCCTACTGTTA	--	17	TGTGTAGGTTGCCTGCCTAAGAAGCCCAGCTGACAGACCCTGCATAAGATG	ACCTCCATTAACAAATGGCTTAACAGTAGGCCAAACACCTCCAGATTTTGG	...................................................	...........T.......................................
found multiple	2	SL2.50ch01	4.4	1477	Spenn-ch01	5.6	1398	-79	+	GGGCGCAACTGAAGAAGATC	TGCTGCTGACATGCCAAAC	59.27	59.34	20	19	618052	619528	784398	785795	AGGGCGCAACT	++	-1	AGCGCTGCTGC	--	-5	TTGCAGATCATACGAAATATAGGGCGCAACTGAAGAAGATCTATATAGGCA	TGATGATGTTTGGCATGTCAGCAGCAGCGCTAATCAGTTTTACAACCTAAA	......T............................................	...............................T...G...............
found multiple	2	SL2.50ch01	6.6	1452	Spenn-ch01	7.9	1378	-74	+	GGGGTATACGCACTTCAGGG	CCGAAGCCAGCATACCCC	59.89	60.2	20	18	923217	924668	1100846	1102223	GGGTATACGCA	++	1	CCCGAAGCCAG	--	-1	CACGAAAATCATCAAAATAGGGGTATACGCACTTCAGGGTTCAATTGACCT	TCGGTGAAATAGGGGGTATGCTGGCTTCGGGACTCGTTTGACCTTTAAAAT	..T..........G............................G........	GGACGTCC.......................G...................
found multiple	2	SL2.50ch01	7.7	737	Spenn-ch01	9.1	912	175	+	AGTCGTAGTATTACTCGTGTAGC	TCTGACAAACTCAACGCATCTAG	57.35	58.76	23	23	1074940	1075676	1269633	1270544	ACGACTACCAG	--	-5	AGCTAGATGCG	++	14	GTCTTGCTTATGCGTACATACTGGTAGTCGTAGTATTACTCGTGTAGCTTC	TCTAGTTTAGTGCAGTAGACAGCTAGATGCGTTGAGTTTGTCAGATTACAA	...........A.......................................	...................................................
found multiple	2	SL2.50ch01	7.7	947	Spenn-ch01	9.1	1122	175	+	AGTCGTAGTATTACTCGTGTAGC	AAAACAGGCTATGGGTTCGG	57.35	58.17	23	20	1074940	1075886	1269633	1270754	ACGACTACCAG	--	-5	GCCACCGAACC	++	13	GTCTTGCTTATGCGTACATACTGGTAGTCGTAGTATTACTCGTGTAGCTTC	AGATTGTGTGTTCCGAACTTGCCACCGAACCCATAGCCTGTTTTAGGAAAA	...........A.......................................	..G........A.......................................
found multiple	2	SL2.50ch01	7.7	1766	Spenn-ch01	9.1	1946	180	+	AGTCGTAGTATTACTCGTGTAGC	CGCCAGGGACGTGATTTTAG	57.35	58.99	23	20	1074940	1076705	1269633	1271578	ACGACTACCAG	--	-5	CCGCCAGGGAC	--	-1	GTCTTGCTTATGCGTACATACTGGTAGTCGTAGTATTACTCGTGTAGCTTC	CGTTAGGGGTCTAAAATCACGTCCCTGGCGGAGTTGACTCACAACTTTCTT	...........A.......................................	...................................................
found multiple	2	SL2.50ch01	8.6	1693	Spenn-ch01	10	1802	109	+	CTGGAAAGCATTAGGAGTGCC	CCCTCGTGAGCTACCTTTTG	58.98	58.27	21	20	1210185	1211877	1433012	1434813	CGCTGGCACTC	--	14	CGTGAGCTACC	--	4	ATAAGCCTGGAAAGCATTAGGAGTGCCAGCGTTTGAAGCAACATAATTTAA	GACCTAACTCAACCCCAAAAGGTAGCTCACGAGGGGAGGTTTGTCCAAGTC	...................................................	...................................................
found multiple	2	SL2.50ch01	9	1774	Spenn-ch01	11	1925	151	+	AATCACCTCAACCGGGACTG	CGTGGCCGGAGAAATCAC	59.67	58.51	20	18	1262725	1264498	1489133	1491057	AACCGGGACTG	++	9	CGGTACCGACG	--	18	GTTGTAAATGTAATCACCTCAACCGGGACTGTACGGAAGCCAGCAACCCTT	TGGAGTTTCTAGAACACCGTCGTCGGTACCGGTGATTTCTCCGGCCACGGC	...................................................	...............G...................................
found multiple	2	SL2.50ch01	9	1617	Spenn-ch01	11	1768	151	+	GCTGGCCTTTTCCCTACTAAC	CGTGGCCGGAGAAATCAC	58.63	58.51	21	18	1262882	1264498	1489290	1491057	CAGCCTTATCG	--	-7	CGGTACCGACG	--	18	TCTCTCAGAAATGCCTCCAACGATAAGGCTGGCCTTTTCCCTACTAACTTA	TGGAGTTTCTAGAACACCGTCGTCGGTACCGGTGATTTCTCCGGCCACGGC	.....T..G..........................................	...............G...................................
found multiple	2	SL2.50ch01	9	1589	Spenn-ch01	11	1740	151	+	ACAGAGACTTAATAGGTAGCGAC	CGTGGCCGGAGAAATCAC	57.24	58.51	23	18	1262910	1264498	1489318	1491057	GACTGCTGCAC	++	20	CGGTACCGACG	--	18	ACAGAGACTTAATAGGTAGCGACTGCTGCACCTGCAAAGTCAAAACAAAAG	TGGAGTTTCTAGAACACCGTCGTCGGTACCGGTGATTTCTCCGGCCACGGC	.............................................G.T..A	...............G...................................
found multiple	2	SL2.50ch01	9	1456	Spenn-ch01	11	1612	156	+	AGGCACTCACTGATGACCTC	CGTGGCCGGAGAAATCAC	59.1	58.51	20	18	1263043	1264498	1489446	1491057	CAGTGAGTGCC	--	1	CGGTACCGACG	--	18	CAACTATGTGAAAGCTTAGAGGCACTCACTGATGACCTCACCTAGAAAATG	TGGAGTTTCTAGAACACCGTCGTCGGTACCGGTGATTTCTCCGGCCACGGC	.................................................CA	...............G...................................
found multiple	2	SL2.50ch01	9.3	477	Spenn-ch01	11	431	-46	+	CGTTGTCGCACCTATGTCAG	AAAACGACGTTGCTCAGCC	59.01	59.35	20	19	1305401	1305877	1534064	1534494	ACGTTGTCGCA	++	-1	CCGGTAGCGGA	--	-11	TGTTCAGACTCTCACCAAAAACGTTGTCGCACCTATGTCAGATCCTCCGAA	AGGCTGAGCAACGTCGTTTTTCCGCTACCGGAAGGTCCCATCATGGCTAAA	...............A................................A..	...................................................
found multiple	2	SL2.50ch01	9.7	601	Spenn-ch01	12	654	53	+	CTGCTTCATTTTCCGGCGAG	GAAAGGGATGAAGGTGCACG	59.9	59.2	20	20	1360170	1360770	1613966	1614619	ACACACCTCGC	--	15	ATAGTGCTGCG	++	18	AGAGGCTGCTTCATTTTCCGGCGAGGTGTGTAAGGTCTATATTTTCCGGCG	TCGAATTAATGACAAAGCAAATAGTGCTGCGTGCACCTTCATCCCTTTCAA	...A................................GCT.TA...T.C.GC	...................................................
found multiple	2	SL2.50ch01	9.7	671	Spenn-ch01	12	724	53	+	CTGCTTCATTTTCCGGCGAG	TGCTTTTCGAACACCACCTC	59.9	58.7	20	20	1360170	1360840	1613966	1614689	ACACACCTCGC	--	15	CGATTAGCAGA	++	-11	AGAGGCTGCTTCATTTTCCGGCGAGGTGTGTAAGGTCTATATTTTCCGGCG	GAGGTGGTGTTCGAAAAGCACGATTAGCAGAGGTCGCCGGCGGAACAACAG	...A................................GCT.TA...T.C.GC	.................................................G.
found multiple	2	SL2.50ch01	9.7	687	Spenn-ch01	12	740	53	+	CTGCTTCATTTTCCGGCGAG	CGACCTCTGCTAATCGTGC	59.9	58.42	20	19	1360170	1360856	1613966	1614705	ACACACCTCGC	--	15	CGCCGGCGACC	--	-6	AGAGGCTGCTTCATTTTCCGGCGAGGTGTGTAAGGTCTATATTTTCCGGCG	CGAAAAGCACGATTAGCAGAGGTCGCCGGCGGAACAACAGCGGAATGCGCC	...A................................GCT.TA...T.C.GC	......................................G............
found multiple	2	SL2.50ch01	9.7	757	Spenn-ch01	12	810	53	+	CTGCTTCATTTTCCGGCGAG	ACGAGGAGGTTAACGAGTCC	59.9	58.83	20	20	1360170	1360926	1613966	1614775	ACACACCTCGC	--	15	AACGAGTCCAC	--	11	AGAGGCTGCTTCATTTTCCGGCGAGGTGTGTAAGGTCTATATTTTCCGGCG	CGTTTGCTGTTGTTGTCCATGTGGACTCGTTAACCTCCTCGTAATGGCGAT	...A................................GCT.TA...T.C.GC	T...............................................A..
found multiple	2	SL2.50ch01	9.7	809	Spenn-ch01	12	862	53	+	CTGCTTCATTTTCCGGCGAG	TCTTCGTAATGCTTTCCGGC	59.9	58.63	20	20	1360170	1360978	1613966	1614827	ACACACCTCGC	--	15	ATGCTTTCCGG	--	8	AGAGGCTGCTTCATTTTCCGGCGAGGTGTGTAAGGTCTATATTTTCCGGCG	AAACTTCCGGCGGGTCTTTGCCGGAAAGCATTACGAAGAAAACGCCGTCGC	...A................................GCT.TA...T.C.GC	...........A.......................................
found multiple	2	SL2.50ch01	9.7	817	Spenn-ch01	12	870	53	+	CTGCTTCATTTTCCGGCGAG	CGGCGTTTTCTTCGTAATGC	59.9	58.48	20	20	1360170	1360986	1613966	1614835	ACACACCTCGC	--	15	AACGCCGTCGC	++	-4	AGAGGCTGCTTCATTTTCCGGCGAGGTGTGTAAGGTCTATATTTTCCGGCG	CCGGAAAGCATTACGAAGAAAACGCCGTCGCCGGTTAATGAAAAAGAAGAT	...A................................GCT.TA...T.C.GC	...................................................
found multiple	2	SL2.50ch01	9.7	346	Spenn-ch01	12	455	109	+	GGTGCTCCTTTGCTTAATTTCC	GAAAGGGATGAAGGTGCACG	58.15	59.2	22	20	1360425	1360770	1614165	1614619	GAGCACCTCGC	--	-4	ATAGTGCTGCG	++	18	TTCCTTTGCTTAATTTCCCGGCGAGGTGCTCCTTTGCTTAATTTCCCGGCG	TCGAATTAATGACAAAGCAAATAGTGCTGCGTGCACCTTCATCCCTTTCAA	G.TGC...........T..................................	...................................................
found multiple	2	SL2.50ch01	9.7	416	Spenn-ch01	12	525	109	+	GGTGCTCCTTTGCTTAATTTCC	TGCTTTTCGAACACCACCTC	58.15	58.7	22	20	1360425	1360840	1614165	1614689	GAGCACCTCGC	--	-4	CGATTAGCAGA	++	-11	TTCCTTTGCTTAATTTCCCGGCGAGGTGCTCCTTTGCTTAATTTCCCGGCG	GAGGTGGTGTTCGAAAAGCACGATTAGCAGAGGTCGCCGGCGGAACAACAG	G.TGC...........T..................................	.................................................G.
found multiple	2	SL2.50ch01	9.7	432	Spenn-ch01	12	541	109	+	GGTGCTCCTTTGCTTAATTTCC	CGACCTCTGCTAATCGTGC	58.15	58.42	22	19	1360425	1360856	1614165	1614705	GAGCACCTCGC	--	-4	CGCCGGCGACC	--	-6	TTCCTTTGCTTAATTTCCCGGCGAGGTGCTCCTTTGCTTAATTTCCCGGCG	CGAAAAGCACGATTAGCAGAGGTCGCCGGCGGAACAACAGCGGAATGCGCC	G.TGC...........T..................................	......................................G............
found multiple	2	SL2.50ch01	9.7	502	Spenn-ch01	12	611	109	+	GGTGCTCCTTTGCTTAATTTCC	ACGAGGAGGTTAACGAGTCC	58.15	58.83	22	20	1360425	1360926	1614165	1614775	GAGCACCTCGC	--	-4	AACGAGTCCAC	--	11	TTCCTTTGCTTAATTTCCCGGCGAGGTGCTCCTTTGCTTAATTTCCCGGCG	CGTTTGCTGTTGTTGTCCATGTGGACTCGTTAACCTCCTCGTAATGGCGAT	G.TGC...........T..................................	T...............................................A..
found multiple	2	SL2.50ch01	9.7	554	Spenn-ch01	12	663	109	+	GGTGCTCCTTTGCTTAATTTCC	TCTTCGTAATGCTTTCCGGC	58.15	58.63	22	20	1360425	1360978	1614165	1614827	GAGCACCTCGC	--	-4	ATGCTTTCCGG	--	8	TTCCTTTGCTTAATTTCCCGGCGAGGTGCTCCTTTGCTTAATTTCCCGGCG	AAACTTCCGGCGGGTCTTTGCCGGAAAGCATTACGAAGAAAACGCCGTCGC	G.TGC...........T..................................	...........A.......................................
found multiple	2	SL2.50ch01	9.7	562	Spenn-ch01	12	671	109	+	GGTGCTCCTTTGCTTAATTTCC	CGGCGTTTTCTTCGTAATGC	58.15	58.48	22	20	1360425	1360986	1614165	1614835	GAGCACCTCGC	--	-4	AACGCCGTCGC	++	-4	TTCCTTTGCTTAATTTCCCGGCGAGGTGCTCCTTTGCTTAATTTCCCGGCG	CCGGAAAGCATTACGAAGAAAACGCCGTCGCCGGTTAATGAAAAAGAAGAT	G.TGC...........T..................................	...................................................
found multiple	2	SL2.50ch01	9.8	927	Spenn-ch01	12	877	-50	+	CTACCCAGAGCCAAGCAAC	CCGAGCTGTCATTATAATAAGGC	58.14	57.21	19	23	1370867	1371793	1626025	1626901	CACTGCGGCTA	++	-8	ACAGCTCGGTG	++	-2	CTTTGATATTGGACACATTCCACTGCGGCTACCCAGAGCCAAGCAACTGCT	TGTGATGCCTTATTATAATGACAGCTCGGTGCATAAAGCATCTCGTATTTA	...................................................	.................................C.................
found multiple	2	SL2.50ch01	9.8	863	Spenn-ch01	12	813	-50	+	GACGTTATCTAGACCGCCTTG	CCGAGCTGTCATTATAATAAGGC	58.27	57.21	21	23	1370931	1371793	1626089	1626901	ACCGCCTTGGC	++	12	ACAGCTCGGTG	++	-2	ATTCTGTAGACGTTATCTAGACCGCCTTGGCGAGACAAAATATCTGATGGC	TGTGATGCCTTATTATAATGACAGCTCGGTGCATAAAGCATCTCGTATTTA	...................................................	.................................C.................
found multiple	2	SL2.50ch01	10	1880	Spenn-ch01	12	2003	123	+	AAACGACAGGACTTGGTAGAC	GAACCCGTAGCTTGTACTGC	57.62	58.64	21	20	1424163	1426042	1683781	1685783	ACGACAGGACT	++	2	CGCATTCGCTC	--	19	GACAAAACGTTAAGAAGAAAACGACAGGACTTGGTAGACCACAATCTGCAA	GCTAAAAACCTCCAAGTCAGGAGCGAATGCGCAGTACAAGCTACGGGTTCA	ACA...CGT.A.GA.GA..................................	.....T.............................................
found multiple	2	SL2.50ch01	10	1132	Spenn-ch01	12	1247	115	+	TTGCGCTCTAGATTCTCCCC	GAACCCGTAGCTTGTACTGC	59.25	58.64	20	20	1424911	1426042	1684537	1685783	ATCTAGAGCGC	--	2	CGCATTCGCTC	--	19	CTCTGCCAGTCTTTATACTTGCGCTCTAGATTCTCCCCCTCAATTTCATAC	GCTAAAAACCTCCAAGTCAGGAGCGAATGCGCAGTACAAGCTACGGGTTCA	...................................................	.....T.............................................
found multiple	2	SL2.50ch01	10	532	Spenn-ch01	12	647	115	+	CAAGTTAAGGACCAGCGGC	GAACCCGTAGCTTGTACTGC	58.83	58.64	19	20	1425511	1426042	1685137	1685783	AAGGACCAGCG	++	6	CGCATTCGCTC	--	19	TACCTCCTTTTGTACAAGTTAAGGACCAGCGGCGGAGCTAGCAAGGGCCGA	GCTAAAAACCTCCAAGTCAGGAGCGAATGCGCAGTACAAGCTACGGGTTCA	.........................................A.........	.....T.............................................
found multiple	2	SL2.50ch01	10	357	Spenn-ch01	12	468	111	+	AAAATCCTAGCACCGCCATG	GAACCCGTAGCTTGTACTGC	58.61	58.64	20	20	1425686	1426042	1685316	1685783	CCTAGCACCGC	++	5	CGCATTCGCTC	--	19	TGAAACCCCTTAATGAAAATCCTAGCACCGCCATGGCTAAGAACCTCCAAG	GCTAAAAACCTCCAAGTCAGGAGCGAATGCGCAGTACAAGCTACGGGTTCA	...................................................	.....T.............................................
found multiple	2	SL2.50ch01	12	1653	Spenn-ch01	14	1983	330	+	TTCGACGTCAACCCAACAAG	GTGCGCCATTGATTTTCGTC	58.71	58.74	20	20	1719805	1721457	2015912	2017894	GACGTCAACCC	++	3	TCTGTGCGCCA	--	-3	TAGAACAAAAATTAAAGTTCGACGTCAACCCAACAAGCACACCACAGACAA	CAATTAAGGACGAAAATCAATGGCGCACAGAAGATAAAACTGATTACACAG	...........................................G....T..	..............................................A....
found multiple	2	SL2.50ch01	12	1134	Spenn-ch01	14	1462	328	+	AGCAAACCACAGATACAAGGG	GTGCGCCATTGATTTTCGTC	58.2	58.74	21	20	1720324	1721457	2016433	2017894	CATGGGTACCC	--	18	TCTGTGCGCCA	--	-3	CAAGCAAACCACAGATACAAGGGTACCCATGTAGAGAATTCGAACAAATAA	CAATTAAGGACGAAAATCAATGGCGCACAGAAGATAAAACTGATTACACAG	...................................................	..............................................A....
found multiple	2	SL2.50ch01	12	567	Spenn-ch01	14	896	329	+	AGGCAGAGCACAGATACAAG	GTGCGCCATTGATTTTCGTC	57.31	58.74	20	20	1720891	1721457	2016999	2017894	CTGTGCTCTGC	--	2	TCTGTGCGCCA	--	-3	ATTTAAGGTTAATCTAAAAGGCAGAGCACAGATACAAGATGACCCAGATAG	CAATTAAGGACGAAAATCAATGGCGCACAGAAGATAAAACTGATTACACAG	...................................................	..............................................A....
found multiple	2	SL2.50ch01	12	462	Spenn-ch01	14	791	329	+	AGCCCTGCACCATCAAATTC	GTGCGCCATTGATTTTCGTC	58.81	58.74	20	20	1720996	1721457	2017104	2017894	GCCCTGCACCA	++	1	TCTGTGCGCCA	--	-3	TAGCTGAACCAAGACATTTAGCCCTGCACCATCAAATTCCTAAAGTTTAAA	CAATTAAGGACGAAAATCAATGGCGCACAGAAGATAAAACTGATTACACAG	..................................................C	..............................................A....
found multiple	2	SL2.50ch01	13	533	Spenn-ch01	15	365	-168	+	TGACGTATTAGTTGCCGGAG	CTCCGTCGTAAAATACCACCG	57.43	58.81	20	21	1770031	1770563	2059038	2059402	ATACGTCAACG	--	-3	CTCCGTCGTAA	--	0	CATTTGTTGGGTTAGCTGGGCGTTGACGTATTAGTTGCCGGAGTTTGAGAG	CCAGAGTTTTCGGTGGTATTTTACGACGGAGAAAGAGAGATGAACATCGGA	...G.A.............................................	........CC............................A............
found multiple	2	SL2.50ch01	13	825	Spenn-ch01	15	654	-171	+	TGACGTATTAGTTGCCGGAG	TTCTCCGTAACGAATCCACC	57.43	57.34	20	20	1770031	1770855	2059038	2059691	ATACGTCAACG	--	-3	CGTAACGAATC	--	5	CATTTGTTGGGTTAGCTGGGCGTTGACGTATTAGTTGCCGGAGTTTGAGAG	GATTATAAAACCCGGTGGTGGATTCGTTACGGAGAATGAATCGTTCTCCTC	...G.A.............................................	T.AGG.T.T.AAACCC..........................A......GT
found multiple	2	SL2.50ch01	13	885	Spenn-ch01	15	705	-180	+	TGACGTATTAGTTGCCGGAG	GTTCGTCGGAGGAGAATGGG	57.43	60.18	20	20	1770031	1770915	2059038	2059742	ATACGTCAACG	--	-3	ACCGGGTAATC	++	19	CATTTGTTGGGTTAGCTGGGCGTTGACGTATTAGTTGCCGGAGTTTGAGAG	TCCTCCGTAAAGCCACCGCCACCGGGTAATCCCATTCTCCTCCGACGAACC	...G.A.............................................	GAA..AT.CTCCGT.A.C.................................
found multiple	2	SL2.50ch01	13	900	Spenn-ch01	15	720	-180	+	TGACGTATTAGTTGCCGGAG	AATTGATTCGGGTGGGTTCG	57.43	58.54	20	20	1770031	1770930	2059038	2059757	ATACGTCAACG	--	-3	CCGACGAACCC	++	13	CATTTGTTGGGTTAGCTGGGCGTTGACGTATTAGTTGCCGGAGTTTGAGAG	CCGGGTAATCCCATTCTCCTCCGACGAACCCACCCGAATCAATTCGGGTCA	...G.A.............................................	...................................................
found multiple	2	SL2.50ch01	13	1105	Spenn-ch01	15	925	-180	+	TGACGTATTAGTTGCCGGAG	ACCCTTTCTGCATTGCTCAC	57.43	58.75	20	20	1770031	1771135	2059038	2059962	ATACGTCAACG	--	-3	GCATTGCTCAC	--	9	CATTTGTTGGGTTAGCTGGGCGTTGACGTATTAGTTGCCGGAGTTTGAGAG	GGTGAAGATGAAAGCTAAATGTGAGCAATGCAGAAAGGGTAATAATGGAAA	...G.A.............................................	...................................................
found multiple	2	SL2.50ch01	13	455	Spenn-ch01	15	288	-167	+	GCCGGGAATTGACGTATTGG	CTCCGTCGTAAAATACCACCG	59.34	58.81	20	21	1770109	1770563	2059115	2059402	CCGGCGAACCC	--	-6	CTCCGTCGTAA	--	0	TTTCCATTTTTTTACTTGTGGGGTTCGCCGGGAATTGACGTATTGGTTGCC	CCAGAGTTTTCGGTGGTATTTTACGACGGAGAAAGAGAGATGAACATCGGA	.C.T.CA............T...............................	........CC............................A............
found multiple	2	SL2.50ch01	13	747	Spenn-ch01	15	577	-170	+	GCCGGGAATTGACGTATTGG	TTCTCCGTAACGAATCCACC	59.34	57.34	20	20	1770109	1770855	2059115	2059691	CCGGCGAACCC	--	-6	CGTAACGAATC	--	5	TTTCCATTTTTTTACTTGTGGGGTTCGCCGGGAATTGACGTATTGGTTGCC	GATTATAAAACCCGGTGGTGGATTCGTTACGGAGAATGAATCGTTCTCCTC	.C.T.CA............T...............................	T.AGG.T.T.AAACCC..........................A......GT
found multiple	2	SL2.50ch01	13	807	Spenn-ch01	15	628	-179	+	GCCGGGAATTGACGTATTGG	GTTCGTCGGAGGAGAATGGG	59.34	60.18	20	20	1770109	1770915	2059115	2059742	CCGGCGAACCC	--	-6	ACCGGGTAATC	++	19	TTTCCATTTTTTTACTTGTGGGGTTCGCCGGGAATTGACGTATTGGTTGCC	TCCTCCGTAAAGCCACCGCCACCGGGTAATCCCATTCTCCTCCGACGAACC	.C.T.CA............T...............................	GAA..AT.CTCCGT.A.C.................................
found multiple	2	SL2.50ch01	13	822	Spenn-ch01	15	643	-179	+	GCCGGGAATTGACGTATTGG	AATTGATTCGGGTGGGTTCG	59.34	58.54	20	20	1770109	1770930	2059115	2059757	CCGGCGAACCC	--	-6	CCGACGAACCC	++	13	TTTCCATTTTTTTACTTGTGGGGTTCGCCGGGAATTGACGTATTGGTTGCC	CCGGGTAATCCCATTCTCCTCCGACGAACCCACCCGAATCAATTCGGGTCA	.C.T.CA............T...............................	...................................................
found multiple	2	SL2.50ch01	13	1027	Spenn-ch01	15	848	-179	+	GCCGGGAATTGACGTATTGG	ACCCTTTCTGCATTGCTCAC	59.34	58.75	20	20	1770109	1771135	2059115	2059962	CCGGCGAACCC	--	-6	GCATTGCTCAC	--	9	TTTCCATTTTTTTACTTGTGGGGTTCGCCGGGAATTGACGTATTGGTTGCC	GGTGAAGATGAAAGCTAAATGTGAGCAATGCAGAAAGGGTAATAATGGAAA	.C.T.CA............T...............................	...................................................
found multiple	2	SL2.50ch01	15	745	Spenn-ch01	17	517	-228	+	AGCGTAACAGGAAATGATCTCC	AACCGGCATCTCTACTGTCC	58.2	59.17	22	20	2123200	2123944	2384122	2384638	GCGTAACAGGA	++	1	CCCGAACCCGG	++	19	ATAATTGTAACAAACGTTTAGCGTAACAGGAAATGATCTCCTATAACCACT	ACCCTTCTTTTTGGCCAAAACCCGAACCCGGGACAGTAGAGATGCCGGTTG	.AT.A.TGT.AC.......................................	...................................................
found multiple	2	SL2.50ch01	15	826	Spenn-ch01	17	598	-228	+	AGCGTAACAGGAAATGATCTCC	ATTGCCTCCTCGAGCGATAG	58.2	59.4	22	20	2123200	2124025	2384122	2384719	GCGTAACAGGA	++	1	ATAGACGCTGC	--	16	ATAATTGTAACAAACGTTTAGCGTAACAGGAAATGATCTCCTATAACCACT	GAGCTTTCTCGAGCTTCTTTGCAGCGTCTATCGCTCGAGGAGGCAATTGAA	.AT.A.TGT.AC.......................................	...................................................
found multiple	2	SL2.50ch01	15	843	Spenn-ch01	17	615	-228	+	AGCGTAACAGGAAATGATCTCC	TCCTTCCCGCAAATTCAATTG	58.2	57.41	22	21	2123200	2124042	2384122	2384736	GCGTAACAGGA	++	1	GCGGGAAGGAA	++	-1	ATAATTGTAACAAACGTTTAGCGTAACAGGAAATGATCTCCTATAACCACT	TCGAGGAGGCAATTGAATTTGCGGGAAGGAATACATGGCACCTGTTATAAA	.AT.A.TGT.AC.......................................	....................................A...........G..
found multiple	2	SL2.50ch01	15	1011	Spenn-ch01	17	784	-227	+	AGCGTAACAGGAAATGATCTCC	CGGAGGGCGCATATAATGAC	58.2	58.64	22	20	2123200	2124210	2384122	2384905	GCGTAACAGGA	++	1	CTGACGGGTTC	--	19	ATAATTGTAACAAACGTTTAGCGTAACAGGAAATGATCTCCTATAACCACT	ACAACATTTTTGCAGCTGTTGAACCCGTCAGTCATTATATGCGCCCTCCGT	.AT.A.TGT.AC.......................................	...................................................
found multiple	2	SL2.50ch01	15	1453	Spenn-ch01	17	1226	-227	+	AGCGTAACAGGAAATGATCTCC	CCACCTAAGCCCGGAGATATC	58.2	59.45	22	21	2123200	2124652	2384122	2385347	GCGTAACAGGA	++	1	CTCGTACGAGC	--	20	ATAATTGTAACAAACGTTTAGCGTAACAGGAAATGATCTCCTATAACCACT	GTACCTTTCTCTAGCAAATTGCTCGTACGAGATATCTCCGGGCTTAGGTGG	.AT.A.TGT.AC.......................................	...................................................
found multiple	2	SL2.50ch01	15	1457	Spenn-ch01	17	1230	-227	+	AGCGTAACAGGAAATGATCTCC	GAATCCACCTAAGCCCGGAG	58.2	59.89	22	20	2123200	2124656	2384122	2385351	GCGTAACAGGA	++	1	CTAAGCCCGGA	--	8	ATAATTGTAACAAACGTTTAGCGTAACAGGAAATGATCTCCTATAACCACT	AATTGCTCGTACGAGATATCTCCGGGCTTAGGTGGATTCGCCAGTAACCCC	.AT.A.TGT.AC.......................................	...................................................
found multiple	2	SL2.50ch01	15	1685	Spenn-ch01	17	1478	-207	+	AGCGTAACAGGAAATGATCTCC	CGCTCAGTCCAAATGTACCTG	58.2	59	22	21	2123200	2124884	2384122	2385599	GCGTAACAGGA	++	1	CGATATCGCTC	--	-6	ATAATTGTAACAAACGTTTAGCGTAACAGGAAATGATCTCCTATAACCACT	TGTGCAGGTACATTTGGACTGAGCGATATCGAAGCAACCTTGTATATCTCT	.AT.A.TGT.AC.......................................	...................................................
found multiple	2	SL2.50ch01	15	2005	Spenn-ch01	17	1797	-208	+	AGCGTAACAGGAAATGATCTCC	GCTAAAGTGCTGATCCCTCC	58.2	58.04	22	20	2123200	2125204	2384122	2385918	GCGTAACAGGA	++	1	GAGGGATCAGC	++	8	ATAATTGTAACAAACGTTTAGCGTAACAGGAAATGATCTCCTATAACCACT	TCCGACATGAACTCGGCGTGGAGGGATCAGCACTTTAGCAAGAAGCAAGAT	.AT.A.TGT.AC.......................................	..................C.............................TT.
found multiple	2	SL2.50ch01	15	1759	Spenn-ch01	17	1869	110	+	TTGTAGCTCCGCGTCTACC	CCAAATGAGCCCTGCAGTG	59.2	59.11	19	19	2134328	2136086	2396115	2397983	GTAGACGCGGA	--	7	CCGGATCGCGC	++	18	CAAAGGGTGATGGTTGTAGCTCCGCGTCTACCTATATAAGAGATCTGACCT	CATTGGAGCTCCGTCTAAATCCGGATCGCGCACTGCAGGGCTCATTTGGGG	......C............................................	.............A.....................................
found multiple	2	SL2.50ch01	15	1842	Spenn-ch01	17	1945	103	+	TTGTAGCTCCGCGTCTACC	CCTAATAGGCCCTGCAGTGC	59.2	60.54	19	20	2134328	2136169	2396115	2398059	GTAGACGCGGA	--	7	ATCGTGCACTG	++	14	CAAAGGGTGATGGTTGTAGCTCCGCGTCTACCTATATAAGAGATCTGACCT	CGACTAAATCCGGATCCCGGATCGTGCACTGCAGGGCCTATTAGGGGATGA	......C............................................	.AGGCTCCGA.TA.AT...A...........................G..G
found multiple	2	SL2.50ch01	15	1886	Spenn-ch01	17	1989	103	+	TTGTAGCTCCGCGTCTACC	TTCGAGCCCTGAGTATGGAG	59.2	58.6	19	20	2134328	2136213	2396115	2398103	GTAGACGCGGA	--	7	ATACTCAGGGC	++	5	CAAAGGGTGATGGTTGTAGCTCCGCGTCTACCTATATAAGAGATCTGACCT	CTCCCAACAGGATTTTCTCCATACTCAGGGCTCGAACCTGAGACCTCTGGT	......C............................................	.....................................G.............
found multiple	2	SL2.50ch01	15	1341	Spenn-ch01	17	1453	112	+	TCGACGCCTGCTTAAACAAC	CCAAATGAGCCCTGCAGTG	59.14	59.11	20	19	2134746	2136086	2396531	2397983	ATCGACGCCTG	++	-1	CCGGATCGCGC	++	18	TCCCGTTGAGATTATTATAGATCGACGCCTGCTTAAACAACCACACAAGAC	CATTGGAGCTCCGTCTAAATCCGGATCGCGCACTGCAGGGCTCATTTGGGG	....A..............................................	.............A.....................................
found multiple	2	SL2.50ch01	15	1424	Spenn-ch01	17	1529	105	+	TCGACGCCTGCTTAAACAAC	CCTAATAGGCCCTGCAGTGC	59.14	60.54	20	20	2134746	2136169	2396531	2398059	ATCGACGCCTG	++	-1	ATCGTGCACTG	++	14	TCCCGTTGAGATTATTATAGATCGACGCCTGCTTAAACAACCACACAAGAC	CGACTAAATCCGGATCCCGGATCGTGCACTGCAGGGCCTATTAGGGGATGA	....A..............................................	.AGGCTCCGA.TA.AT...A...........................G..G
found multiple	2	SL2.50ch01	15	1468	Spenn-ch01	17	1573	105	+	TCGACGCCTGCTTAAACAAC	TTCGAGCCCTGAGTATGGAG	59.14	58.6	20	20	2134746	2136213	2396531	2398103	ATCGACGCCTG	++	-1	ATACTCAGGGC	++	5	TCCCGTTGAGATTATTATAGATCGACGCCTGCTTAAACAACCACACAAGAC	CTCCCAACAGGATTTTCTCCATACTCAGGGCTCGAACCTGAGACCTCTGGT	....A..............................................	.....................................G.............
found multiple	2	SL2.50ch01	15	1074	Spenn-ch01	17	1173	99	+	ACAGCTCGACATTGTTTCCTG	CCAAATGAGCCCTGCAGTG	58.85	59.11	21	19	2135013	2136086	2396811	2397983	CGAGCTGTTAA	--	-3	CCGGATCGCGC	++	18	AGTTAAACTCTTATTATAAGTTAACAGCTCGACATTGTTTCCTGATTTGCC	CATTGGAGCTCCGTCTAAATCCGGATCGCGCACTGCAGGGCTCATTTGGGG	...................................................	.............A.....................................
found multiple	2	SL2.50ch01	15	1157	Spenn-ch01	17	1249	92	+	ACAGCTCGACATTGTTTCCTG	CCTAATAGGCCCTGCAGTGC	58.85	60.54	21	20	2135013	2136169	2396811	2398059	CGAGCTGTTAA	--	-3	ATCGTGCACTG	++	14	AGTTAAACTCTTATTATAAGTTAACAGCTCGACATTGTTTCCTGATTTGCC	CGACTAAATCCGGATCCCGGATCGTGCACTGCAGGGCCTATTAGGGGATGA	...................................................	.AGGCTCCGA.TA.AT...A...........................G..G
found multiple	2	SL2.50ch01	15	1201	Spenn-ch01	17	1293	92	+	ACAGCTCGACATTGTTTCCTG	TTCGAGCCCTGAGTATGGAG	58.85	58.6	21	20	2135013	2136213	2396811	2398103	CGAGCTGTTAA	--	-3	ATACTCAGGGC	++	5	AGTTAAACTCTTATTATAAGTTAACAGCTCGACATTGTTTCCTGATTTGCC	CTCCCAACAGGATTTTCTCCATACTCAGGGCTCGAACCTGAGACCTCTGGT	...................................................	.....................................G.............
found multiple	2	SL2.50ch01	15	1055	Spenn-ch01	17	1154	99	+	TGATTTGCCCTTGGTTTCCG	CCAAATGAGCCCTGCAGTG	59.03	59.11	20	19	2135032	2136086	2396830	2397983	GCTCACCGGAA	--	15	CCGGATCGCGC	++	18	TTTCCTGATTTGCCCTTGGTTTCCGGTGAGCACCTCTACCGCCCCAAGCTT	CATTGGAGCTCCGTCTAAATCCGGATCGCGCACTGCAGGGCTCATTTGGGG	.......................................T...........	.............A.....................................
found multiple	2	SL2.50ch01	15	1138	Spenn-ch01	17	1230	92	+	TGATTTGCCCTTGGTTTCCG	CCTAATAGGCCCTGCAGTGC	59.03	60.54	20	20	2135032	2136169	2396830	2398059	GCTCACCGGAA	--	15	ATCGTGCACTG	++	14	TTTCCTGATTTGCCCTTGGTTTCCGGTGAGCACCTCTACCGCCCCAAGCTT	CGACTAAATCCGGATCCCGGATCGTGCACTGCAGGGCCTATTAGGGGATGA	.......................................T...........	.AGGCTCCGA.TA.AT...A...........................G..G
found multiple	2	SL2.50ch01	15	1182	Spenn-ch01	17	1274	92	+	TGATTTGCCCTTGGTTTCCG	TTCGAGCCCTGAGTATGGAG	59.03	58.6	20	20	2135032	2136213	2396830	2398103	GCTCACCGGAA	--	15	ATACTCAGGGC	++	5	TTTCCTGATTTGCCCTTGGTTTCCGGTGAGCACCTCTACCGCCCCAAGCTT	CTCCCAACAGGATTTTCTCCATACTCAGGGCTCGAACCTGAGACCTCTGGT	.......................................T...........	.....................................G.............
found multiple	2	SL2.50ch01	15	1017	Spenn-ch01	17	1116	99	+	CCAAGCTTGTTCATGGCCAC	CCAAATGAGCCCTGCAGTG	60.04	59.11	20	19	2135070	2136086	2396868	2397983	CGGCGTGGCCA	--	13	CCGGATCGCGC	++	18	TACCGCCCCAAGCTTGTTCATGGCCACGCCGAATTTGTTAAACCACCCCAC	CATTGGAGCTCCGTCTAAATCCGGATCGCGCACTGCAGGGCTCATTTGGGG	...T...............................................	.............A.....................................
found multiple	2	SL2.50ch01	15	1100	Spenn-ch01	17	1192	92	+	CCAAGCTTGTTCATGGCCAC	CCTAATAGGCCCTGCAGTGC	60.04	60.54	20	20	2135070	2136169	2396868	2398059	CGGCGTGGCCA	--	13	ATCGTGCACTG	++	14	TACCGCCCCAAGCTTGTTCATGGCCACGCCGAATTTGTTAAACCACCCCAC	CGACTAAATCCGGATCCCGGATCGTGCACTGCAGGGCCTATTAGGGGATGA	...T...............................................	.AGGCTCCGA.TA.AT...A...........................G..G
found multiple	2	SL2.50ch01	15	1144	Spenn-ch01	17	1236	92	+	CCAAGCTTGTTCATGGCCAC	TTCGAGCCCTGAGTATGGAG	60.04	58.6	20	20	2135070	2136213	2396868	2398103	CGGCGTGGCCA	--	13	ATACTCAGGGC	++	5	TACCGCCCCAAGCTTGTTCATGGCCACGCCGAATTTGTTAAACCACCCCAC	CTCCCAACAGGATTTTCTCCATACTCAGGGCTCGAACCTGAGACCTCTGGT	...T...............................................	.....................................G.............
found multiple	2	SL2.50ch01	15	788	Spenn-ch01	17	887	99	+	TCCCAAGTCGCGGATCAAC	CCAAATGAGCCCTGCAGTG	60.08	59.11	19	19	2135299	2136086	2397097	2397983	AAGTCGCGGAT	++	4	CCGGATCGCGC	++	18	GTAAATTTCATAACATTCCCAAGTCGCGGATCAACCATTTGTGCCTTCTCG	CATTGGAGCTCCGTCTAAATCCGGATCGCGCACTGCAGGGCTCATTTGGGG	...............C.........................G.........	.............A.....................................
found multiple	2	SL2.50ch01	15	871	Spenn-ch01	17	963	92	+	TCCCAAGTCGCGGATCAAC	CCTAATAGGCCCTGCAGTGC	60.08	60.54	19	20	2135299	2136169	2397097	2398059	AAGTCGCGGAT	++	4	ATCGTGCACTG	++	14	GTAAATTTCATAACATTCCCAAGTCGCGGATCAACCATTTGTGCCTTCTCG	CGACTAAATCCGGATCCCGGATCGTGCACTGCAGGGCCTATTAGGGGATGA	...............C.........................G.........	.AGGCTCCGA.TA.AT...A...........................G..G
found multiple	2	SL2.50ch01	15	915	Spenn-ch01	17	1007	92	+	TCCCAAGTCGCGGATCAAC	TTCGAGCCCTGAGTATGGAG	60.08	58.6	19	20	2135299	2136213	2397097	2398103	AAGTCGCGGAT	++	4	ATACTCAGGGC	++	5	GTAAATTTCATAACATTCCCAAGTCGCGGATCAACCATTTGTGCCTTCTCG	CTCCCAACAGGATTTTCTCCATACTCAGGGCTCGAACCTGAGACCTCTGGT	...............C.........................G.........	.....................................G.............
found multiple	2	SL2.50ch01	15	593	Spenn-ch01	17	692	99	+	TTTCTACGCGCGATTCCATG	CCAAATGAGCCCTGCAGTG	59.07	59.11	20	19	2135494	2136086	2397292	2397983	TCGCGCGTAGA	--	2	CCGGATCGCGC	++	18	GGAGGTTGCCAACGACGTTTTCTACGCGCGATTCCATGCCGTCACGTCTGC	CATTGGAGCTCCGTCTAAATCCGGATCGCGCACTGCAGGGCTCATTTGGGG	................................................G..	.............A.....................................
found multiple	2	SL2.50ch01	15	676	Spenn-ch01	17	768	92	+	TTTCTACGCGCGATTCCATG	CCTAATAGGCCCTGCAGTGC	59.07	60.54	20	20	2135494	2136169	2397292	2398059	TCGCGCGTAGA	--	2	ATCGTGCACTG	++	14	GGAGGTTGCCAACGACGTTTTCTACGCGCGATTCCATGCCGTCACGTCTGC	CGACTAAATCCGGATCCCGGATCGTGCACTGCAGGGCCTATTAGGGGATGA	................................................G..	.AGGCTCCGA.TA.AT...A...........................G..G
found multiple	2	SL2.50ch01	15	720	Spenn-ch01	17	812	92	+	TTTCTACGCGCGATTCCATG	TTCGAGCCCTGAGTATGGAG	59.07	58.6	20	20	2135494	2136213	2397292	2398103	TCGCGCGTAGA	--	2	ATACTCAGGGC	++	5	GGAGGTTGCCAACGACGTTTTCTACGCGCGATTCCATGCCGTCACGTCTGC	CTCCCAACAGGATTTTCTCCATACTCAGGGCTCGAACCTGAGACCTCTGGT	................................................G..	.....................................G.............
found multiple	2	SL2.50ch01	15	538	Spenn-ch01	17	637	99	+	GAGTCCCGATGCAACAAAGG	CCAAATGAGCCCTGCAGTG	59.2	59.11	20	19	2135549	2136086	2397347	2397983	GGACTCCCCCA	--	-5	CCGGATCGCGC	++	18	TGCCACCAGACACCTCGTAATGGGGGAGTCCCGATGCAACAAAGGCGTCAC	CATTGGAGCTCCGTCTAAATCCGGATCGCGCACTGCAGGGCTCATTTGGGG	G..................................................	.............A.....................................
found multiple	2	SL2.50ch01	15	621	Spenn-ch01	17	713	92	+	GAGTCCCGATGCAACAAAGG	CCTAATAGGCCCTGCAGTGC	59.2	60.54	20	20	2135549	2136169	2397347	2398059	GGACTCCCCCA	--	-5	ATCGTGCACTG	++	14	TGCCACCAGACACCTCGTAATGGGGGAGTCCCGATGCAACAAAGGCGTCAC	CGACTAAATCCGGATCCCGGATCGTGCACTGCAGGGCCTATTAGGGGATGA	G..................................................	.AGGCTCCGA.TA.AT...A...........................G..G
found multiple	2	SL2.50ch01	15	665	Spenn-ch01	17	757	92	+	GAGTCCCGATGCAACAAAGG	TTCGAGCCCTGAGTATGGAG	59.2	58.6	20	20	2135549	2136213	2397347	2398103	GGACTCCCCCA	--	-5	ATACTCAGGGC	++	5	TGCCACCAGACACCTCGTAATGGGGGAGTCCCGATGCAACAAAGGCGTCAC	CTCCCAACAGGATTTTCTCCATACTCAGGGCTCGAACCTGAGACCTCTGGT	G..................................................	.....................................G.............
found multiple	2	SL2.50ch01	15	493	Spenn-ch01	17	592	99	+	ATCAGAGCACGAGACAATGC	CCAAATGAGCCCTGCAGTG	58.35	59.11	20	19	2135594	2136086	2397392	2397983	GAGCACGAGAC	++	4	CCGGATCGCGC	++	18	ATAAATAGGCTAAAACATCAGAGCACGAGACAATGCCTGGGCAGTTCTCTT	CATTGGAGCTCCGTCTAAATCCGGATCGCGCACTGCAGGGCTCATTTGGGG	...................................................	.............A.....................................
found multiple	2	SL2.50ch01	15	576	Spenn-ch01	17	668	92	+	ATCAGAGCACGAGACAATGC	CCTAATAGGCCCTGCAGTGC	58.35	60.54	20	20	2135594	2136169	2397392	2398059	GAGCACGAGAC	++	4	ATCGTGCACTG	++	14	ATAAATAGGCTAAAACATCAGAGCACGAGACAATGCCTGGGCAGTTCTCTT	CGACTAAATCCGGATCCCGGATCGTGCACTGCAGGGCCTATTAGGGGATGA	...................................................	.AGGCTCCGA.TA.AT...A...........................G..G
found multiple	2	SL2.50ch01	15	620	Spenn-ch01	17	712	92	+	ATCAGAGCACGAGACAATGC	TTCGAGCCCTGAGTATGGAG	58.35	58.6	20	20	2135594	2136213	2397392	2398103	GAGCACGAGAC	++	4	ATACTCAGGGC	++	5	ATAAATAGGCTAAAACATCAGAGCACGAGACAATGCCTGGGCAGTTCTCTT	CTCCCAACAGGATTTTCTCCATACTCAGGGCTCGAACCTGAGACCTCTGGT	...................................................	.....................................G.............
found multiple	2	SL2.50ch01	15	345	Spenn-ch01	17	444	99	+	CCATCGCAACCCTGTATATACG	CCAAATGAGCCCTGCAGTG	58.75	59.11	22	19	2135742	2136086	2397540	2397983	ACAGGGTTGCG	--	4	CCGGATCGCGC	++	18	ATCGAGCAATATTGATCCATCGCAACCCTGTATATACGATAAGTTACATAC	CATTGGAGCTCCGTCTAAATCCGGATCGCGCACTGCAGGGCTCATTTGGGG	............G......................................	.............A.....................................
found multiple	2	SL2.50ch01	15	428	Spenn-ch01	17	520	92	+	CCATCGCAACCCTGTATATACG	CCTAATAGGCCCTGCAGTGC	58.75	60.54	22	20	2135742	2136169	2397540	2398059	ACAGGGTTGCG	--	4	ATCGTGCACTG	++	14	ATCGAGCAATATTGATCCATCGCAACCCTGTATATACGATAAGTTACATAC	CGACTAAATCCGGATCCCGGATCGTGCACTGCAGGGCCTATTAGGGGATGA	............G......................................	.AGGCTCCGA.TA.AT...A...........................G..G
found multiple	2	SL2.50ch01	15	472	Spenn-ch01	17	564	92	+	CCATCGCAACCCTGTATATACG	TTCGAGCCCTGAGTATGGAG	58.75	58.6	22	20	2135742	2136213	2397540	2398103	ACAGGGTTGCG	--	4	ATACTCAGGGC	++	5	ATCGAGCAATATTGATCCATCGCAACCCTGTATATACGATAAGTTACATAC	CTCCCAACAGGATTTTCTCCATACTCAGGGCTCGAACCTGAGACCTCTGGT	............G......................................	.....................................G.............
found multiple	2	SL2.50ch01	15	143	Spenn-ch01	17	242	99	+	CATTTGGGGATGGCGCTC	CAAATGAGCCCTGCAGTGC	58.88	59.78	18	19	2135943	2136085	2397741	2397982	AGCGCCATCCC	--	6	CCGGATCGCGC	++	17	CACACTGCACGACCCATTTGGGGATGGCGCTCCCAACAGTATTTTCTCCAC	CATTGGAGCTCCGTCTAAATCCGGATCGCGCACTGCAGGGCTCATTTGGGG	.G.....................................G...........	.............A.....................................
found multiple	2	SL2.50ch01	15	227	Spenn-ch01	17	319	92	+	CATTTGGGGATGGCGCTC	CCTAATAGGCCCTGCAGTGC	58.88	60.54	18	20	2135943	2136169	2397741	2398059	AGCGCCATCCC	--	6	ATCGTGCACTG	++	14	CACACTGCACGACCCATTTGGGGATGGCGCTCCCAACAGTATTTTCTCCAC	CGACTAAATCCGGATCCCGGATCGTGCACTGCAGGGCCTATTAGGGGATGA	.G.....................................G...........	.AGGCTCCGA.TA.AT...A...........................G..G
found multiple	2	SL2.50ch01	15	271	Spenn-ch01	17	363	92	+	CATTTGGGGATGGCGCTC	TTCGAGCCCTGAGTATGGAG	58.88	58.6	18	20	2135943	2136213	2397741	2398103	AGCGCCATCCC	--	6	ATACTCAGGGC	++	5	CACACTGCACGACCCATTTGGGGATGGCGCTCCCAACAGTATTTTCTCCAC	CTCCCAACAGGATTTTCTCCATACTCAGGGCTCGAACCTGAGACCTCTGGT	.G.....................................G...........	.....................................G.............
found multiple	2	SL2.50ch01	15	682	Spenn-ch01	17	772	90	+	CATTTGGGGATGGCGCTC	CTGCCATCCCTAGGCTTTTC	58.88	58.31	18	20	2135943	2136624	2397741	2398512	AGCGCCATCCC	--	6	GCTGCCATCCC	--	-1	CACACTGCACGACCCATTTGGGGATGGCGCTCCCAACAGTATTTTCTCCAC	AATCATGTAAGAAAAGCCTAGGGATGGCAGCAGCAATAGTAGAGTCATTTT	.G.....................................G...........	...................................................
found multiple	2	SL2.50ch01	15	879	Spenn-ch01	17	969	90	+	CATTTGGGGATGGCGCTC	CCAAATAGAAGGTGTCCGCC	58.88	58.62	18	20	2135943	2136821	2397741	2398709	AGCGCCATCCC	--	6	AAGGTGTCCGC	--	8	CACACTGCACGACCCATTTGGGGATGGCGCTCCCAACAGTATTTTCTCCAC	AAAACTTGTGGATATCCATGGCGGACACCTTCTATTTGGGGATGCTCAAAA	.G.....................................G...........	...................................................
found multiple	2	SL2.50ch01	15	1027	Spenn-ch01	17	1126	99	+	CATTTGGGGATGGCGCTC	ATGACATCGCGATTCCTTGC	58.88	59.06	18	20	2135943	2136969	2397741	2398866	AGCGCCATCCC	--	6	CATCGCGATTC	--	4	CACACTGCACGACCCATTTGGGGATGGCGCTCCCAACAGTATTTTCTCCAC	TGTCTCATAATTTGAGCAAGGAATCGCGATGTCATTGACATTGGCATGAAC	.G.....................................G...........	...................................................
found multiple	2	SL2.50ch01	16	635	Spenn-ch01	18	1409	774	+	GCTGAGCAGACGACAACTTC	AGCATGTCAACCTAAACCCG	59.21	58.18	20	20	2305380	2306014	2568422	2569830	CAGCCGGAGAA	--	-7	AGTCGGGTTTA	++	12	TTAAGAATTTCCATTCGGTATTCTCCGGCTGAGCAGACGACAACTTCTTCA	TAGGAGAGATTTTTTGTAAGAGTCGGGTTTAGGTTGACATGCTTCTGAAGA	.C.................................................	............G......................................
found multiple	2	SL2.50ch01	17	901	Spenn-ch01	18	848	-53	+	AGATTACAAGTCCTGGCTTTGG	AGGTATATCTGCTTCGGGGC	58.31	59.02	22	20	2313070	2313970	2576815	2577662	AAGCCAGGACT	--	8	ATCTGCTTCGG	--	6	TTGCTTTACATAAGATTACAAGTCCTGGCTTTGGCATATCATCAGAAGTTC	TTTTAAAGGTCAAATGAGCCCCGAAGCAGATATACCTATTTTGCCAATTTT	...................................................	...................................................
found multiple	2	SL2.50ch01	17	1018	Spenn-ch01	18	965	-53	+	AGATTACAAGTCCTGGCTTTGG	AGTTGGCGCCATAGATAACATC	58.31	58.6	22	22	2313070	2314087	2576815	2577779	AAGCCAGGACT	--	8	GGCGCCATAGA	--	4	TTGCTTTACATAAGATTACAAGTCCTGGCTTTGGCATATCATCAGAAGTTC	GGATGTCCGTTAAGATGTTATCTATGGCGCCAACTAACTCCTTGTCAGCCA	...................................................	........A...........................G.C.TG.CAGCCAA.
found multiple	2	SL2.50ch01	17	687	Spenn-ch01	19	758	71	+	AGCCAGGGGTCAGTCATATATAG	CAACGAGCTCAACCCAGAAG	58.64	58.85	23	20	2394936	2395622	2689091	2689848	AGCCAGGGGTC	++	0	CCGATGCAACG	--	-6	TCATCCAGGCAATGATTCTGAGCCAGGGGTCAGTCATATATAGCTTCCTAT	TTTGACTTCTGGGTTGAGCTCGTTGCATCGGGCTTGTTGAGCATGGGTTAT	.TCAT.CA.GC.ATGA..C................................	...................................................
found multiple	2	SL2.50ch01	18	1126	Spenn-ch01	20	1319	193	+	AGGGCGGTCTGGTATACTAAG	GCAGACTTGTCTCTTCCTGC	58.41	58.56	21	20	2471311	2472436	2766568	2767886	ACCAGACCGCC	--	2	CGAGCAGGAAG	++	12	GCGTGGGGTTCGTTCTTAAGGGCGGTCTGGTATACTAAGTTCTTGCTATGC	TAACTCAATGAGAGAGATTTCGAGCAGGAAGAGACAAGTCTGCATCTGACG	TGCGT...G.TCG.TC.T.................................	A.TAA.TCAAT........................................
found multiple	2	SL2.50ch01	18	1393	Spenn-ch01	20	1583	190	+	AGGGCGGTCTGGTATACTAAG	GCATTACAGGGCCAATCACC	58.41	59.25	21	20	2471311	2472703	2766568	2768150	ACCAGACCGCC	--	2	CGCGGAAGGCA	--	-8	GCGTGGGGTTCGTTCTTAAGGGCGGTCTGGTATACTAAGTTCTTGCTATGC	AGGGGTGATTGGCCCTGTAATGCCTTCCGCGGAACTACTTGCTGCTGCAGC	TGCGT...G.TCG.TC.T.................................	C.A................................................
found multiple	2	SL2.50ch01	18	1525	Spenn-ch01	20	1713	188	+	AGGGCGGTCTGGTATACTAAG	TCTATCACCAGAGCAGGCG	58.41	58.88	21	19	2471311	2472835	2766568	2768280	ACCAGACCGCC	--	2	CCACCGCCTGC	++	12	GCGTGGGGTTCGTTCTTAAGGGCGGTCTGGTATACTAAGTTCTTGCTATGC	TGTTTATAGGAACTCCACCTCCACCGCCTGCTCTGGTGATAGAGATAGAAT	TGCGT...G.TCG.TC.T.................................	...................................................
found multiple	2	SL2.50ch01	18	1630	Spenn-ch01	20	1815	185	+	AGGGCGGTCTGGTATACTAAG	ATACCTCTGTTCGCGCCC	58.41	59.5	21	18	2471311	2472940	2766568	2768382	ACCAGACCGCC	--	2	CGCCCAGAACA	--	13	GCGTGGGGTTCGTTCTTAAGGGCGGTCTGGTATACTAAGTTCTTGCTATGC	GCAGACAACTCGTATGATGTTGTTCTGGGCGCGAACAGAGGTATTGTTGAA	TGCGT...G.TCG.TC.T.................................	.AT.CAG..AAC.CGT...A........................GT.GA.T
found multiple	2	SL2.50ch01	18	1715	Spenn-ch01	20	1916	201	+	AGGGCGGTCTGGTATACTAAG	TCAGCTTGATGAACGCGTAG	58.41	58.37	21	20	2471311	2473025	2766568	2768483	ACCAGACCGCC	--	2	ACTACGCGTTC	++	10	GCGTGGGGTTCGTTCTTAAGGGCGGTCTGGTATACTAAGTTCTTGCTATGC	TATAGTGCATCCTGAAGCTCACTACGCGTTCATCAAGCTGAACAACGCGTT	TGCGT...G.TCG.TC.T.................................	ATGCACT....T.......................................
found multiple	2	SL2.50ch01	18	1612	Spenn-ch01	20	1529	-83	+	AGTTGGCACTGCACGAGG	GTAACTGGGAAACTGGCAGC	60.28	59.12	18	20	2477878	2479489	2773435	2774963	CACTGCACGAG	++	6	CAGTTACCTGG	++	-4	TAGCTTCCAGCTGTAGTTGGCACTGCACGAGGCTTCGAATCTTCAGCCTTT	CTTCAAAGCTGCCAGTTTCCCAGTTACCTGGATTGAAAGTGTTCAAAGTTC	...................................................	...................................G...............
found multiple	2	SL2.50ch01	19	1596	Spenn-ch01	21	1683	87	+	GACAATGTGGGGCTCTTCAC	AATCGAATGAGACGCGTACC	58.83	58.16	20	20	2628388	2629983	2921500	2923182	CACAGCACTTA	++	17	CGCGTACCATA	--	12	AGGGACAATGTGGGGCTCTTCACAGCACTTAATGTGTGTCATGTTAATTTC	TGTATATGGACTTCTCTCAATATGGTACGCGTCTCATTCGATTTTAACATG	.................................T.................	...................................................
found multiple	2	SL2.50ch01	20	580	Spenn-ch01	22	1245	665	+	ATCTGAGCGTCACATGTTCC	ACCGCCTCACCACCAATC	57.98	59.65	20	18	2818026	2818605	3146886	3148130	ATCTGAGCGTC	++	0	CGCCTCACCAC	--	2	AGTAGAAGCTTCAAAATCTCATCTGAGCGTCACATGTTCCCATAATCACGC	GTTTTACTGATTTTTGATTGGTGGTGAGGCGGTGAGTAGTGGAAAAGAAGG	...................................................	..................................GA..C...G.G.AG...
found multiple	2	SL2.50ch01	20	869	Spenn-ch01	22	411	-458	+	TTTTGATTGGTGGTGAGGCG	GAATGGGTTCGGATTGGCTC	59.04	58.98	20	20	2818584	2819452	3148109	3148519	CGCCTCACCAC	--	9	ATTGGCTCCGC	--	12	GTTTTACTGATTTTTGATTGGTGGTGAGGCGGTGAGTAGTGGAAAAGAAGG	TCTTCAAGCTAAGTTCAGAGGCGGAGCCAATCCGAACCCATTCGGAAGAAA	..................................GA..C...G.G.AG...	.............................................C.....
found multiple	2	SL2.50ch01	20	1404	Spenn-ch01	22	948	-456	+	TTTTGATTGGTGGTGAGGCG	ACATGATCAAACCGCACGAG	59.04	58.92	20	20	2818584	2819987	3148109	3149056	CGCCTCACCAC	--	9	ACCGCACGAGT	--	10	GTTTTACTGATTTTTGATTGGTGGTGAGGCGGTGAGTAGTGGAAAAGAAGG	TGACATGCATGTACCACACAACTCGTGCGGTTTGATCATGTTATTGAATCA	..................................GA..C...G.G.AG...	...................................................
found multiple	2	SL2.50ch01	20	1445	Spenn-ch01	22	989	-456	+	TTTTGATTGGTGGTGAGGCG	GAACTTACTTCTTGCTAGCGC	59.04	57.36	20	21	2818584	2820028	3148109	3149097	CGCCTCACCAC	--	9	CCGTAGAGCGC	++	17	GTTTTACTGATTTTTGATTGGTGGTGAGGCGGTGAGTAGTGGAAAAGAAGG	ATCATGTTATTGAATCAATTCCGTAGAGCGCTAGCAAGAAGTAAGTTCTTA	..................................GA..C...G.G.AG...	...................................................
found multiple	2	SL2.50ch01	20	1565	Spenn-ch01	22	1109	-456	+	TTTTGATTGGTGGTGAGGCG	CGCAGTAGAATCTTCACCATCTC	59.04	58.95	20	23	2818584	2820148	3148109	3149217	CGCCTCACCAC	--	9	ACTGCGTTATC	++	-5	GTTTTACTGATTTTTGATTGGTGGTGAGGCGGTGAGTAGTGGAAAAGAAGG	ATGGAGATGGTGAAGATTCTACTGCGTTATCTATAATCAGATGCATCCAGT	..................................GA..C...G.G.AG...	...................................................
found multiple	2	SL2.50ch01	20	1939	Spenn-ch01	22	1483	-456	+	TTTTGATTGGTGGTGAGGCG	CCCTTTGGACCAATCACAGC	59.04	59.11	20	20	2818584	2820522	3148109	3149591	CGCCTCACCAC	--	9	ACGCCCTTTGG	--	-3	GTTTTACTGATTTTTGATTGGTGGTGAGGCGGTGAGTAGTGGAAAAGAAGG	GACGAGTCGCTGTGATTGGTCCAAAGGGCGTGTCATAGACGGATTTCTCGG	..................................GA..C...G.G.AG...	.......A...........................................
found multiple	2	SL2.50ch01	21	652	Spenn-ch01	24	689	37	+	ATGTCCCTTCAATTGCAGCG	AACGCCTCCCTGCAATTTTG	59.19	59.68	20	20	2982060	2982711	3321770	3322458	GTACCGCTGCA	--	13	CGCCTCCCTGC	--	2	CAATCTGATGTCCCTTCAATTGCAGCGGTACGATCTGTCAAGTTCAGTAGA	AATAATTAAGCTACAAAATTGCAGGGAGGCGTTGCTAGATTTTTATGTGAG	.............................................CAGTAG	...................................................
found multiple	2	SL2.50ch01	21	425	Spenn-ch01	24	460	35	+	GCAGTGGCCATCAATATCTCG	AACGCCTCCCTGCAATTTTG	59.2	59.68	21	20	2982287	2982711	3321999	3322458	CGTTACAGAGC	++	19	CGCCTCCCTGC	--	2	GGCAGTGGCCATCAATATCTCGTTACAGAGCTTCAGTTCGTACTCAGTCTC	AATAATTAAGCTACAAAATTGCAGGGAGGCGTTGCTAGATTTTTATGTGAG	...................................................	...................................................
found multiple	2	SL2.50ch01	21	407	Spenn-ch01	24	442	35	+	TCGTTACAGAGCTTCAGTTCG	AACGCCTCCCTGCAATTTTG	58.07	59.68	21	20	2982305	2982711	3322017	3322458	CGTACTCAGTC	++	19	CGCCTCCCTGC	--	2	CTCGTTACAGAGCTTCAGTTCGTACTCAGTCTCCTAAAGTGGAGATGATAG	AATAATTAAGCTACAAAATTGCAGGGAGGCGTTGCTAGATTTTTATGTGAG	...................................................	...................................................
found multiple	2	SL2.50ch01	22	239	Spenn-ch01	24	168	-71	+	ATCCCATTCACACCTAGCCC	ATGTAGAGTGGCGTGGATGG	59.15	59.53	20	20	3081344	3081582	3423340	3423507	GGGTGGGGCTA	--	14	AGAGTGGCGTG	--	4	AACAAAATCCCATTCACACCTAGCCCCACCCCCTCCAAACCCCAAAACCAA	TTGTTCCATAAAACTCCATCCACGCCACTCTACATTCAGAAGTGATTCCAA	..A................................................	.........................................T.........
found multiple	2	SL2.50ch01	23	1754	Spenn-ch01	26	1535	-219	+	CGTTCGACACACCTCATCTTC	AACTATTCCAGATTCGCGCC	59.01	58.42	21	20	3234919	3236672	3594042	3595576	CCCACCGTTCG	++	-5	CCTACACGGCG	++	16	TTCGGTTTTGATGGTGCCCTCCCACCGTTCGACACACCTCATCTTCATTCT	GCAGGTACCCCCAATGCAGTCCTACACGGCGCGAATCTGGAATAGTTGGGT	...TA...........T.A.............................C..	TGT..GTA...A.......C...............................
found multiple	2	SL2.50ch01	23	274	Spenn-ch01	26	331	57	+	CGCGAATCTGGAATAGTTGGG	TGGTGTCTGATATCCGCATTG	59.13	58.16	21	21	3236655	3236928	3595559	3595889	CCTACACGGCG	++	-9	CTGATATCCGC	--	6	GCAGGTACCCCCAATGCAGTCCTACACGGCGCGAATCTGGAATAGTTGGGT	TGGAATAATTAGGTTTCAATGCGGATATCAGACACCAAATAGAAAACAGAA	TGT..GTA...A.......C...............................	...............C.....................G..G..........
found multiple	2	SL2.50ch01	23	1062	Spenn-ch01	26	1160	98	+	CAATAATGGGCAGTGCTGGG	CCAAACAAGTTCCTGGGCTC	59.25	59.04	20	20	3252353	3253414	3613510	3614669	CAGCACTGCCC	--	7	AGCCCAGGAAC	++	8	TGAATTTATTTTACAATAATGGGCAGTGCTGGGCAGGGGTGGGGTAGAGCA	TATTTGAAGTTTATAGCTTGAGCCCAGGAACTTGTTTGGAGTGTACAAATG	...................................T.A.....TAGA.CGG	...................................................
found multiple	2	SL2.50ch01	24	799	Spenn-ch01	26	852	53	+	CGTCCTCCTTTAATCGTCATGG	TTTGTGTGATGGGTTGTGCC	58.88	59.25	22	20	3301287	3302085	3663563	3664414	AGGACGTGTCC	--	-5	AGGCCCGTCAG	++	19	TACGTGGAAAACTTGTAATAGGACACGTCCTCCTTTAATCGTCATGGTTCA	AGTCCTACAACTAAAGATTCAGGCCCGTCAGGCACAACCCATCACACAAAT	.............A.....................................	...................................................
found multiple	2	SL2.50ch01	27	1070	Spenn-ch01	29	1127	57	+	CTGATCAAGTAGCGTTTCGTG	GAAGAGAGAGGAGAGAGGCG	57.38	58.69	21	20	3751687	3752756	4084022	4085148	CGAAACGCTAC	--	8	ATCTCGCCCGC	++	17	ATTATTTTATTACTGATCAAGTAGCGTTTCGTGAATAATAATATAGAATAT	CCTCTCTCATCCCTCTCCCAATCTCGCCCGCCTCTCTCCTCTCTCTTCCAA	.C...........................................A..ATA	...................................................
found multiple	2	SL2.50ch01	28	476	Spenn-ch01	4.5	511	35	+	CTCCTGCTCCGTCTTCCATC	CCTGTCGTCTCGTCACAATG	59.9	58.66	20	20	3978802	3979277	635994	636504	CGACCTGCTGA	--	18	GAACGCCATCC	--	19	GACTCCTGCTCCGTCTTCCATCAGCAGGTCGATTCTTGTGGAAAATTAGCT	AGCACAAGTTGCTGCTCATGGGATGGCGTTCATTGTGACGAGACGACAGGA	....................................C..............	...................................................
found multiple	2	SL2.50ch01	36	155	Spenn-ch01	39	1140	985	+	TCAACTCTCTCCAACTCCCC	CGAGAGAGGCCAGAGAGTG	58.35	58.89	20	19	5058024	5058178	5423531	5424670	CAACTCCCCGC	++	11	CACTCTCTGGC	++	8	ATATACAATTCAACTCTCTCCAACTCCCCGCCCTCTCTCGCTCGCCTCTCT	TATACAATTTACATCTCTTCCACTCTCTGGCCTCTCTCGCTCGCCTCTCTC	...........................................A.......	.........C........C............................G...
found multiple	2	SL2.50ch01	39	1236	Spenn-ch01	42	999	-237	+	GGCCATTGGTTTACTGGGTG	TGCGGAGGAAAAGAAAGATGG	59.1	58.56	20	21	5457931	5459166	5843484	5844482	CCCAGTAAACC	--	7	ATACTGCGGAG	--	-4	GGTTCAACTTTCTGGCCATTGGTTTACTGGGTGTTCCGTTTTAAATTCATA	GATTTTCCATCTTTCTTTTCCTCCGCAGTATAATAAACTCCATCTCCGTGC	...................................................	...................................................
found multiple	2	SL2.50ch01	40	1732	Spenn-ch01	42	1596	-136	+	AATTGTGAATAAGTAACGAGGCG	GAGAGTGGCGAGCGAGATC	57.53	60.01	23	19	5544819	5546550	5935067	5936662	AGTAACGAGGC	++	11	CCCGAATCTCG	++	-10	TCACACCTTAATTGTGAATAAGTAACGAGGCGATAATCCATATTTGAAACG	CAGATCTCGCTCGCCACTCTCCCGAATCTCGCTCGCCACCCTCGCCTCTCT	C.........................................A........	................................A.A..C..TCGC.TCTCTC
found multiple	2	SL2.50ch01	40	728	Spenn-ch01	43	1593	865	+	GGCTGGAGAGAGGTGAATTG	GTCTGGCAAACTTTGGGTAAC	57.96	57.63	20	21	5588826	5589553	6001981	6003573	GCCCTCTGCCC	--	-8	AGGCGTCTGGC	--	-4	GAAGAGAGGCGAGTGAGAGAGGGCAGAGGGCTGGAGAGAGGTGAATTGTAT	GCAAACGTTACCCAAAGTTTGCCAGACGCCTCTCTCCCAAAAATCTCGCTC	.G...T.............................................	...................................................
found multiple	2	SL2.50ch01	41	460	Spenn-ch01	44	635	175	+	TGATGCCACTCTCAGCTCTC	AGTCCCAAACAAGTCAGGGG	59.18	59.52	20	20	5674239	5674698	6092829	6093463	CCACTCTCAGC	++	5	CAGGGGGTCGG	--	14	TTCATCAGCTAGAGTTGATGCCACTCTCAGCTCTCACAATATTTCTGGTAC	AGAAGTGGAGATTCATATATCCGACCCCCTGACTTGTTTGGGACTGTTGTT	...................................................	......A.........................................A..
found multiple	2	SL2.50ch01	41	1258	Spenn-ch01	44	1111	-147	+	CCCTGACTTGTTTGGGACTG	TCCTGCCTAGTCTTTAAGCAATC	58.39	58.23	20	23	5674680	5675937	6093445	6094555	CAGGGGGTCGG	--	-6	CCTGCCTAGTC	--	1	AGAAGTGGAGATTCATATATCCGACCCCCTGACTTGTTTGGGACTGTTGTT	TTGTTAAATGATTGCTTAAAGACTAGGCAGGAAGCCTTTAAATTCGGCTAA	......A.........................................A..	...................................................
found multiple	2	SL2.50ch01	41	1506	Spenn-ch01	44	1359	-147	+	CCCTGACTTGTTTGGGACTG	TGTCATTTATCAGTCTCAGCCG	58.39	58.22	20	22	5674680	5676185	6093445	6094803	CAGGGGGTCGG	--	-6	GTCTCAGCCGA	--	12	AGAAGTGGAGATTCATATATCCGACCCCCTGACTTGTTTGGGACTGTTGTT	ATTGTTGTTATAAGAAAGTCTCGGCTGAGACTGATAAATGACATGTTGAGC	......A.........................................A..	...................................................
found multiple	2	SL2.50ch01	41	1649	Spenn-ch01	44	1502	-147	+	CCCTGACTTGTTTGGGACTG	ACGGTTTTCAATTGGCACTG	58.39	57.49	20	20	5674680	5676328	6093445	6094946	CAGGGGGTCGG	--	-6	ATGATCAGTGC	++	14	AGAAGTGGAGATTCATATATCCGACCCCCTGACTTGTTTGGGACTGTTGTT	ATATACATTTGTCTATTAAGATGATCAGTGCCAATTGAAAACCGTTAACAT	......A.........................................A..	..............C..............................C.....
found multiple	2	SL2.50ch01	49	466	Spenn-ch01	52	418	-48	+	AATATTGTTGCCAGCCCTCG	TCAGTAAGGGATAGAGCGACTG	58.61	58.78	20	22	6869941	6870406	7279459	7279876	GGGCTGGCAAC	--	6	CATCTGCAGTC	++	17	ATCCCAAATTCATCAATATTGTTGCCAGCCCTCGAAAATAAGTTTGTTTTC	GCAGTCCAATGCAATTTCATCATCTGCAGTCGCTCTATCCCTTACTGAAAT	.........................................AG..TG...T	.................................................T.
found multiple	2	SL2.50ch01	52	326	Spenn-ch01	53	1116	790	+	AAAGTGCGTGCCCAGAAAC	GTGGGCCTATCACGTGTTG	59.27	58.53	19	19	7271007	7271332	7378476	7379591	AGTGCGTGCCC	++	2	CGTGATAGGCC	++	3	AATATGGGTTGCATACGCAAAGTGCGTGCCCAGAAACTAGTAATAGTAATA	TTTTAAAAAAAATATCAACACGTGATAGGCCCACAAGATAGTGTCACGTAG	.......................................C..C..A.....	G...T.......A......................................
found multiple	2	SL2.50ch01	52	1202	Spenn-ch01	53	1063	-139	+	TCAAAGGAACCGGGCGTG	GCACTCGTCTATCCCACTAAG	60.28	57.64	18	21	7331204	7332405	7437046	7438108	CAAAGGAACCG	++	1	GCACTCGTCTA	--	0	ATAAATTAAAATGATAAACTCAAAGGAACCGGGCGTGACACTCTCACGTCA	GCTGACTTGTCTTAGTGGGATAGACGAGTGCGATCACAACAATTTTGGAAT	GATT.G.T...CACCTTT.................................	...................................................
found multiple	2	SL2.50ch01	55	1627	Spenn-ch01	54	1525	-102	+	CCCAATGGAATTCTTGATCGC	TGTCGCTGAGGATGGTGTTG	57.64	60.32	21	20	7674636	7676262	7627062	7628586	AACTGCGATCA	--	14	GTCGCTGAGGA	--	1	GCTGCACCCAATGGAATTCTTGATCGCAGTTAATTGGGATGTAGACCTCAT	TTATAGAAACACCAACACCATCCTCAGCGACATTCCCTGCATCGTCGATGA	C..................................................	.................................C.................
found multiple	2	SL2.50ch01	57	763	Spenn-ch01	58	464	-299	+	GAGTCATTTTGGCCGTGGTG	TCTATGGAGCAGGTCGGTAAC	59.76	58.97	20	21	7982840	7983602	8087438	8087901	GTGACCAGCCA	++	17	CCGACCTGCTC	++	6	AGTGAGTCATTTTGGCCGTGGTGACCAGCCATCTCCATATATAAGTTCTTA	GGTTGTTTTATCCATGGTTACCGACCTGCTCCATAGATAAGGTCTTGACGG	.A...........................................G.....	..............C....................................
found multiple	2	SL2.50ch01	57	1489	Spenn-ch01	58	1189	-300	+	GAGTCATTTTGGCCGTGGTG	TCTATCAGCCGGCTAGTCAC	59.76	58.68	20	20	7982840	7984328	8087438	8088626	GTGACCAGCCA	++	17	GACTAGCCGGC	++	7	AGTGAGTCATTTTGGCCGTGGTGACCAGCCATCTCCATATATAAGTTCTTA	ATGGTCTTACTAGTCGTGGTGACTAGCCGGCTGATAGATAAGGTTTTAATG	.A...........................................G.....	......G..........................................C.
found multiple	2	SL2.50ch01	57	615	Spenn-ch01	58	316	-299	+	TTTACCTGCACTGGGGCTC	TCTATGGAGCAGGTCGGTAAC	59.62	58.97	19	21	7982988	7983602	8087586	8087901	CCCAGTGCAGG	--	4	CCGACCTGCTC	++	6	TTTAAAAAATTAGGGGTTTACCTGCACTGGGGCTCATTTGACCTTTAAAAT	GGTTGTTTTATCCATGGTTACCGACCTGCTCCATAGATAAGGTCTTGACGG	....................................C..............	..............C....................................
found multiple	2	SL2.50ch01	57	1341	Spenn-ch01	58	1041	-300	+	TTTACCTGCACTGGGGCTC	TCTATCAGCCGGCTAGTCAC	59.62	58.68	19	20	7982988	7984328	8087586	8088626	CCCAGTGCAGG	--	4	GACTAGCCGGC	++	7	TTTAAAAAATTAGGGGTTTACCTGCACTGGGGCTCATTTGACCTTTAAAAT	ATGGTCTTACTAGTCGTGGTGACTAGCCGGCTGATAGATAAGGTTTTAATG	....................................C..............	......G..........................................C.
found multiple	2	SL2.50ch01	57	1867	Spenn-ch01	58	2002	135	+	CGTCTGGCCTTGAAAATGGG	AGACATCGAGCAGGTAAACC	59.47	57.33	20	20	7985590	7987456	8089887	8091888	CCAGACGAGCC	--	-4	CATCGAGCAGG	--	3	TGTGGGATTTACGTGCTCTTGGCTCGTCTGGCCTTGAAAATGGGCCGTTTT	TTGGTAAAACAGGGGGTTTACCTGCTCGATGTCTTGTTTTATGTTTAAAAT	...........T.......................................	....C.....................................A........
found multiple	2	SL2.50ch01	57	1671	Spenn-ch01	58	1804	133	+	AAAATGGGTCGTTCTAGCGG	AGACATCGAGCAGGTAAACC	58.27	57.33	20	20	7985786	7987456	8090085	8091888	CCGCTAGAACG	--	9	CATCGAGCAGG	--	3	GTTGGACCTTGAAAATGGGTCGTTCTAGCGGTGGAGACCAACTGGCTCTAT	TTGGTAAAACAGGGGGTTTACCTGCTCGATGTCTTGTTTTATGTTTAAAAT	...................................C............C..	....C.....................................A........
found multiple	2	SL2.50ch01	58	397	Spenn-ch01	59	355	-42	+	GCATCTGGAGGGCTCAATC	CCCCATTTATGTAACCTGTCAGC	57.98	59.37	19	23	8131756	8132152	8248028	8248382	ATCTGGAGGGC	++	2	CAGCTGACAGG	++	14	AGAATATGTCTACCTAAGGCATCTGGAGGGCTCAATCTAATTAATCAAGCG	TCTTCATGGAAGATTGCTAACAGCTGACAGGTTACATAAATGGGGTATGGT	.AGG..........................................T...A	...................................................
found multiple	2	SL2.50ch01	58	444	Spenn-ch01	59	402	-42	+	GCATCTGGAGGGCTCAATC	TTTCGGCCCTTTCACTACAC	57.98	58.11	19	20	8131756	8132199	8248028	8248429	ATCTGGAGGGC	++	2	AGGGCCGAAAC	++	-1	AGAATATGTCTACCTAAGGCATCTGGAGGGCTCAATCTAATTAATCAAGCG	TTTGTGTTTTGTGTAGTGAAAGGGCCGAAACAAAATAAACATTTGTTTGTC	.AGG..........................................T...A	..................................GG..CAT..GT..GTCA
found multiple	2	SL2.50ch01	58	329	Spenn-ch01	59	286	-43	+	GGACCTCTCTCATAAGCGGG	CCCCATTTATGTAACCTGTCAGC	59.32	59.37	20	23	8131824	8132152	8248097	8248382	AAACGTCGGGA	++	-8	CAGCTGACAGG	++	14	ACAAAGATGCTATTGCCAAGAAACGTCGGGACCTCTCTCATAAGCGGGATA	TCTTCATGGAAGATTGCTAACAGCTGACAGGTTACATAAATGGGGTATGGT	CA..GATGCTAT.GC.A..A...............................	...................................................
found multiple	2	SL2.50ch01	58	376	Spenn-ch01	59	333	-43	+	GGACCTCTCTCATAAGCGGG	TTTCGGCCCTTTCACTACAC	59.32	58.11	20	20	8131824	8132199	8248097	8248429	AAACGTCGGGA	++	-8	AGGGCCGAAAC	++	-1	ACAAAGATGCTATTGCCAAGAAACGTCGGGACCTCTCTCATAAGCGGGATA	TTTGTGTTTTGTGTAGTGAAAGGGCCGAAACAAAATAAACATTTGTTTGTC	CA..GATGCTAT.GC.A..A...............................	..................................GG..CAT..GT..GTCA
found multiple	2	SL2.50ch01	63	639	Spenn-ch01	67	702	63	+	ATGGTTGCTAAATGGTGGGC	GCACGCAATATGACCCTCG	58.81	59.07	20	19	8751011	8751649	9394476	9395177	ATTGGCCCACC	--	13	GCGTGCCACGA	++	-5	TTAATGTATGGTTGCTAAATGGTGGGCCAATGATTGGCCATAATGAGCCAA	ACCATTTCGAGGGTCATATTGCGTGCCACGATAAAAATTTTATATTTTGAG	...................................................	................................G..T...A...T..GA.G.
found multiple	2	SL2.50ch01	63	286	Spenn-ch01	67	344	58	+	CTTCATTTGTGCCGCCAATG	CAGACCTTGGCAGTAATTTATGC	58.65	58.08	20	23	8800653	8800938	9422321	9422664	CCGCCAATGCG	++	11	GGTACCAGACC	--	-5	GATTTTCCACTTCATTTGTGCCGCCAATGCGACGTAAATTCTGATGGAGTC	ATTGCATAAATTACTGCCAAGGTCTGGTACCTCTAACATAAAAATTATCAT	..................................................A	...................................................
found multiple	2	SL2.50ch01	63	1483	Spenn-ch01	67	1151	-332	+	CAAAGGCCGTGGATGGAATG	TTTCATCAACAAGCGCTCAC	59.54	57.31	20	20	8823901	8825383	9435204	9436354	ACAAAGGCCGT	++	-1	CGCTCACGTGA	--	13	ACTTGCAAAATTGACAAAAAACAAAGGCCGTGGATGGAATGACACTAGTTG	AGTTTTTAATGATTTCATTATCACGTGAGCGCTTGTTGATGAAACTTGTGA	..................C................................	......G.....C..T...................................
found multiple	2	SL2.50ch01	63	1886	Spenn-ch01	67	1550	-336	+	CAAAGGCCGTGGATGGAATG	AGAACCACCCTATACCCTGC	59.54	58.49	20	20	8823901	8825786	9435204	9436753	ACAAAGGCCGT	++	-1	CCCTGCCGGGA	--	14	ACTTGCAAAATTGACAAAAAACAAAGGCCGTGGATGGAATGACACTAGTTG	AAGTTAAGTTGCCTCATATATCCCGGCAGGGTATAGGGTGGTTCTGGACAC	..................C................................	.C....T.........................................A..
found multiple	2	SL2.50ch01	63	1297	Spenn-ch01	67	965	-332	+	AGATTTTACTGGCCGTATGAGC	TTTCATCAACAAGCGCTCAC	58.53	57.31	22	20	8824087	8825383	9435390	9436354	CGGCCAGTAAA	--	4	CGCTCACGTGA	--	13	CCTTGCGTACCTATTAAGATTTTACTGGCCGTATGAGCAACTCGTTGTTAC	AGTTTTTAATGATTTCATTATCACGTGAGCGCTTGTTGATGAAACTTGTGA	......A......A..........................G..........	......G.....C..T...................................
found multiple	2	SL2.50ch01	63	1700	Spenn-ch01	67	1364	-336	+	AGATTTTACTGGCCGTATGAGC	AGAACCACCCTATACCCTGC	58.53	58.49	22	20	8824087	8825786	9435390	9436753	CGGCCAGTAAA	--	4	CCCTGCCGGGA	--	14	CCTTGCGTACCTATTAAGATTTTACTGGCCGTATGAGCAACTCGTTGTTAC	AAGTTAAGTTGCCTCATATATCCCGGCAGGGTATAGGGTGGTTCTGGACAC	......A......A..........................G..........	.C....T.........................................A..
found multiple	2	SL2.50ch01	63	1903	Spenn-ch01	67	1563	-340	+	AGATTTTACTGGCCGTATGAGC	AGTGAACTGAATGAGCGACTAAC	58.53	58.76	22	23	8824087	8825989	9435390	9436952	CGGCCAGTAAA	--	4	GAATGAGCGAC	--	8	CCTTGCGTACCTATTAAGATTTTACTGGCCGTATGAGCAACTCGTTGTTAC	GCTTCAATTGAATTATGTTAGTCGCTCATTCAGTTCACTTAATTTAGTTTA	......A......A..........................G..........	...................................................
found multiple	2	SL2.50ch01	65	1325	Spenn-ch01	70	1548	223	+	CTTCAGGTACGGGTGGAGG	AGCCTTGCGTACCCTCTG	59.1	59.02	19	18	9164196	9165520	9857919	9859466	GCCCTCCACCC	--	10	CAGAGGGTACG	++	7	TGAGGAGCTGCTTCAGGTACGGGTGGAGGGCAAATTCCCTCTATGCAATTA	CGCTCCGGTTTTGACCTTACCAGAGGGTACGCAAGGCTTTGTGCTATATTG	A...................................GA.............	......................................A............
found multiple	2	SL2.50ch01	78	1669	Spenn-ch02	4.7	1051	-618	-	AAATTTGTGCGACCGAGTCC	GTTCAACCTAGTCTGCAGCG	59.13	58.93	20	20	10870412	10872080	659533	658483	TCGGTCGCACA	-+	5	CGCTCGCTGCA	+-	13	TTATTTGAAAGATCAAAATTTGTGCGACCGAGTCCTTGTTTGGACATCCTA	TTATTGTAGGGTTTCCATTTCGCTCGCTGCAGACTAGGTTGAACATTTAGG	.A..........C......................................	..............................................C....
found multiple	2	SL2.50ch01	78	1540	Spenn-ch02	4.7	925	-615	-	ATCGCGGCTCTTATCCTTAC	GTTCAACCTAGTCTGCAGCG	57.27	58.93	20	20	10870541	10872080	659407	658483	AGAGCCGCGAT	-+	0	CGCTCGCTGCA	+-	13	AGGTTCCATCGAGGCTCCATATCGCGGCTCTTATCCTTACAAAAAAATTGA	TTATTGTAGGGTTTCCATTTCGCTCGCTGCAGACTAGGTTGAACATTTAGG	...................G.....................T.........	..............................................C....
found multiple	2	SL2.50ch01	83	759	Spenn-ch01	22	805	46	-	GCTCCAAAATTCACTCCCCG	GTCCGGAATGTCGACTTTGG	59.19	58.92	20	20	11601919	11602677	3118604	3117800	CCGGGGAGTGA	-+	10	AGTCCGGAATG	-+	-1	GATCACGAGCGCTCCAAAATTCACTCCCCGGATCTTTTACTTTCTAAAAGG	TGCTACCCTACCAAAGTCGACATTCCGGACTCAAAGGCGCAGTCAAAATTT	.......C...........................................	............................................G......
found multiple	2	SL2.50ch01	85	861	Spenn-ch01	94	919	58	-	TTTATGGGCCCGTTTGTGAG	ACTTGATTTAGCGTCGTGGC	58.46	58.92	20	20	11835676	11836536	13129324	13128406	CGGGCCCATAA	-+	1	AGCGTCGTGGC	-+	9	TGATGTATGGGGCATTGATTTTATGGGCCCGTTTGTGAGTTCTCATGGGAT	TAACCAGTATCGTGTGTCGTGCCACGACGCTAAATCAAGTCCTTTTTGGGA	...................................................	A.C.A.......................................C......
found multiple	2	SL2.50ch01	85	1475	Spenn-ch01	92	1376	-99	-	AGGTTCGATCAATGGTGGTG	GATCACCTCCACCGCCTC	57.89	59.5	20	18	11968867	11970341	12947577	12946202	CGAACCTACCG	-+	-4	CCGCGATACCG	-+	20	CAGAGATGGAGATGGTCCAACGGTAGGTTCGATCAATGGTGGTGATGGCAA	GAGGTGATTTATAATAGTGACGGTATCGCGGAGGAGGCGGTGGAGGTGATC	A..................................................	................A..................................
found multiple	2	SL2.50ch01	85	1564	Spenn-ch01	92	1465	-99	-	AGGTTCGATCAATGGTGGTG	TTATAGATCGCCTCCACCGC	57.89	59.4	20	20	11968867	11970430	12947577	12946113	CGAACCTACCG	-+	-4	CGCCTCCACCG	-+	8	CAGAGATGGAGATGGTCCAACGGTAGGTTCGATCAATGGTGGTGATGGCAA	TAACGACGTCGTGGAGGAGGCGGTGGAGGCGATCTATAATAGTAACGACGT	A..................................................	............................................G......
found multiple	2	SL2.50ch01	85	1655	Spenn-ch01	92	1556	-99	-	AGGTTCGATCAATGGTGGTG	GTTATAGGCCACGGTCGC	57.89	57.98	20	18	11968867	11970521	12947577	12946022	CGAACCTACCG	-+	-4	GTCGCCTCCAC	-+	13	CAGAGATGGAGATGGTCCAACGGTAGGTTCGATCAATGGTGGTGATGGCAA	ACGACGTCGCGGAGGAGGTGGTGGAGGCGACCGTGGCCTATAACGGTATGA	A..................................................	...................................................
found multiple	2	SL2.50ch01	85	1339	Spenn-ch01	92	1240	-99	-	GGTGCATCGGTAGGTTCAATC	GATCACCTCCACCGCCTC	59.06	59.5	21	18	11969003	11970341	12947441	12946202	ACCGATGCACC	-+	0	CCGCGATACCG	-+	20	GCGGTGATGATAATGGAGATGGTGCATCGGTAGGTTCAATCAATGGTGGTG	GAGGTGATTTATAATAGTGACGGTATCGCGGAGGAGGCGGTGGAGGTGATC	..........A........................................	................A..................................
found multiple	2	SL2.50ch01	85	1428	Spenn-ch01	92	1329	-99	-	GGTGCATCGGTAGGTTCAATC	TTATAGATCGCCTCCACCGC	59.06	59.4	21	20	11969003	11970430	12947441	12946113	ACCGATGCACC	-+	0	CGCCTCCACCG	-+	8	GCGGTGATGATAATGGAGATGGTGCATCGGTAGGTTCAATCAATGGTGGTG	TAACGACGTCGTGGAGGAGGCGGTGGAGGCGATCTATAATAGTAACGACGT	..........A........................................	............................................G......
found multiple	2	SL2.50ch01	85	1519	Spenn-ch01	92	1420	-99	-	GGTGCATCGGTAGGTTCAATC	GTTATAGGCCACGGTCGC	59.06	57.98	21	18	11969003	11970521	12947441	12946022	ACCGATGCACC	-+	0	GTCGCCTCCAC	-+	13	GCGGTGATGATAATGGAGATGGTGCATCGGTAGGTTCAATCAATGGTGGTG	ACGACGTCGCGGAGGAGGTGGTGGAGGCGACCGTGGCCTATAACGGTATGA	..........A........................................	...................................................
found multiple	2	SL2.50ch01	85	971	Spenn-ch01	92	866	-105	-	TGATGGCGATGGAGATGGTC	GATCACCTCCACCGCCTC	59.61	59.5	20	18	11969371	11970341	12947067	12946202	GTCCAGCGGTA	+-	17	CCGCGATACCG	-+	20	TGGTGATGGCGATGGAGATGGTCCAGCGGTAGGTTCAATCAATGGTGGTGA	GAGGTGATTTATAATAGTGACGGTATCGCGGAGGAGGCGGTGGAGGTGATC	...................................................	................A..................................
found multiple	2	SL2.50ch01	85	1060	Spenn-ch01	92	955	-105	-	TGATGGCGATGGAGATGGTC	TTATAGATCGCCTCCACCGC	59.61	59.4	20	20	11969371	11970430	12947067	12946113	GTCCAGCGGTA	+-	17	CGCCTCCACCG	-+	8	TGGTGATGGCGATGGAGATGGTCCAGCGGTAGGTTCAATCAATGGTGGTGA	TAACGACGTCGTGGAGGAGGCGGTGGAGGCGATCTATAATAGTAACGACGT	...................................................	............................................G......
found multiple	2	SL2.50ch01	85	1151	Spenn-ch01	92	1046	-105	-	TGATGGCGATGGAGATGGTC	GTTATAGGCCACGGTCGC	59.61	57.98	20	18	11969371	11970521	12947067	12946022	GTCCAGCGGTA	+-	17	GTCGCCTCCAC	-+	13	TGGTGATGGCGATGGAGATGGTCCAGCGGTAGGTTCAATCAATGGTGGTGA	ACGACGTCGCGGAGGAGGTGGTGGAGGCGACCGTGGCCTATAACGGTATGA	...................................................	...................................................
found multiple	2	SL2.50ch02	20	1277	Spenn-ch02	7.3	1181	-96	-	TTCTTTTCAGCACAGCACGC	ACGCCGCAATTGTAGAAGAAG	59.97	59.27	20	21	2751318	2752594	1018465	1017285	CGCCTGCGGTA	+-	17	CAATTGCGGCG	+-	1	CACTTCTTTTCAGCACAGCACGCCTGCGGTAAAAAGTTCATAACTTGTTGT	ACTTAGTACATCTTCTTCTACAATTGCGGCGTGTCTCAGCTTCTTTTAGAA	...............................G...................	.................................G...G............G
found multiple	2	SL2.50ch02	20	1765	Spenn-ch02	7	1672	-93	-	GCTGGAGTTGCTGCTTCTC	CGCCCGAGATTGCATTGTG	58.83	59.94	19	19	2782204	2783968	986591	984920	CTCCAGCGCCA	-+	-4	AATCTCGGGCG	+-	0	GAAGAGGAGAGAGAAGAAGGTGGCGCTGGAGTTGCTGCTTCTCGCCGGAAA	GCAATTCTCAAGCACAATGCAATCTCGGGCGCAGGCGATAATGCAATCTTC	......A......C.....................................	..................................A.A..............
found multiple	2	SL2.50ch02	43	1525	Spenn-ch02	1.9	1614	89	+	AAATTGAGTCATGATGTCAGCG	AGAATAAGTATCCCATCCCCAGG	57.39	58.82	22	23	6029536	6031060	265545	267158	AGTCGCTGACA	--	14	CAGGATTGATC	--	19	TCACCCAAATTGAGTCATGATGTCAGCGACTACGAGGTAACCCTGTGATGA	CTGAAGTTGGTCAAACAAGTGATCAATCCTGGGGATGGGATACTTATTCTT	CT.T.A................................TG...........	...................................................
found multiple	2	SL2.50ch02	51	188	Spenn-ch02	9.8	230	42	+	CGAATTGGCACTCTAGTAGGTG	GGCCGTTAGTGCCGTATTTC	58.55	59.35	22	20	7200530	7200717	1367721	1367950	CGAATTGGCAC	++	0	ACGGCACTAAC	++	4	TCTATAAAACGTATTCAATTCGAATTGGCACTCTAGTAGGTGTGTTTAGTT	ATCATCATAGTTCAAGAAATACGGCACTAACGGCCATGATTCTGTTCATAA	..........................................A........	............T........................A.....A.......
found multiple	2	SL2.50ch02	52	185	Spenn-ch02	10	164	-21	+	TGGGAACGATGGTCTTCTCG	GAAGTACCGATGCCCCTCC	59.47	59.55	20	19	7244346	7244530	1393408	1393571	GCCATGCGAGA	--	15	GGGCATCGGTA	++	4	GTTGTTGGGAACGATGGTCTTCTCGCATGGCCCGAGTCTCAGCATCAATAC	CCCTAAGAAAATGCAAGGAGGGGCATCGGTACTTCCAAGGTTGCAACTTGT	A..............................A..........GTA.G.GCA	....GG..................................G.........C
found multiple	2	SL2.50ch02	53	1044	Spenn-ch02	3.8	1114	70	+	CCAGCGTACCAAAATACCCC	ATGCTACATTGTCGCTGCTG	58.61	58.99	20	20	7369896	7370939	527929	529042	GGTACGCTGGA	--	-1	CCAGCAGCGAC	++	10	CCCAATTATCAAAATGCTCCTCCAGCGTACCAAAATACCCCCCTCCTAATT	CACATATGTTCTCGTAGGCACCAGCAGCGACAATGTAGCATCCATGATCAT	.........A................................TC.TA.T.A	...................................................
found multiple	2	SL2.50ch02	99	330	Spenn-ch02	39	356	26	+	GCGTAGTCACTGCCTCCC	GCTATAGTGTCAGGGTCCGG	59.81	59.33	18	20	13856116	13856445	5497005	5497360	GGGGCGCCACC	--	-11	ATAGCGGCGGG	++	-6	ACTAGAGCCACACCCTTGAGGGTGGCGCCCCGCGTAGTCACTGCCTCCCAG	ATGACCCGGACCCTGACACTATAGCGGCGGGTCCTTAAGGGGGGGAGTATC	...........G...A.................................T.	................................G......A..A.TCTCCCA
found multiple	2	SL2.50ch02	99	131	Spenn-ch02	39	146	15	+	CTACACTAGAGGCTCCGGTG	CTCATTTCTAGTCCGGTGCC	58.97	58.06	20	20	13858075	13858205	5499008	5499153	GCACCGGAGCC	--	10	GCACCGGACTA	++	8	GATTTAGATACTACACTAGAGGCTCCGGTGCCGGAGTCTCAGGATCGTTCA	CCAGGAGAGTGTGCCAAGAGGCACCGGACTAGAAATGAGAAGGAGTCCCGG	.......................................G...C.......	............T....C...............................A.
found multiple	2	SL2.50ch02	99	265	Spenn-ch02	39	212	-53	+	TACAGTGCCACAACCTCAAC	ATGTAGTGCCCCTCTCAGTC	58.04	58.51	20	20	13858148	13858412	5499096	5499307	GCACTGTAGCA	--	-3	ACTGAGAGGGG	++	8	GCTGGGGACATAGTGTTGGCTGCTACAGTGCCACAACCTCAACCAGGAGAG	CTAGCTCCAGAGTTGATTAGACTGAGAGGGGCACTACATTTAGTGCTATAG	TTG.CT.C.T.GC.C.CCAA...............................	....A............G.....................C.........T.
